epoch,pkg_w,psys_w,cpu_freq_avg_mhz,cpu_freq_max_mhz,pkg_temp_c,sen3_c,bat_status,bat_pct,bat_power_w,ac_online,pkg_throttle_count,core_throttle_count,platform_profile
1784612210,4.41,21.03,1041,3411,43.0,43.0,Not charging,100,0.00,1,8366,3539,balanced
1784612211,3.57,16.62,1004,3421,43.0,43.0,Not charging,100,0.00,1,8366,3539,balanced
1784612212,5.03,18.52,826,3397,43.0,43.0,Not charging,100,0.00,1,8366,3539,balanced
1784612213,5.24,18.45,1119,4700,47.0,43.0,Not charging,100,0.00,1,8366,3539,balanced
1784612214,5.02,18.53,816,3137,41.0,43.0,Not charging,100,0.00,1,8366,3539,balanced
1784612215,5.18,18.89,907,4325,42.0,43.0,Not charging,100,0.00,1,8366,3539,balanced
1784612216,5.45,18.59,861,1704,41.0,43.0,Not charging,100,0.00,1,8366,3539,balanced
1784612217,5.29,18.99,917,1900,40.0,43.0,Not charging,100,0.00,1,8366,3539,balanced
1784612218,3.78,16.17,844,3326,42.0,43.0,Not charging,100,0.00,1,8366,3539,balanced
1784612219,6.72,20.89,644,1578,41.0,43.0,Not charging,100,0.00,1,8366,3539,balanced
1784612220,18.49,36.24,2589,3942,83.0,43.0,Not charging,100,0.00,1,8368,3539,balanced
1784612221,33.06,54.86,1892,4032,99.0,43.0,Discharging,100,0.15,1,8381,3540,balanced
1784612222,9.68,25.33,887,1847,42.0,43.0,Discharging,100,0.04,1,8381,3540,balanced
1784612223,5.95,19.48,668,1680,41.0,43.0,Not charging,100,0.00,1,8381,3540,balanced
1784612224,6.64,21.13,977,2785,42.0,43.0,Not charging,100,0.00,1,8381,3540,balanced
1784612225,5.01,18.61,1720,3392,43.0,43.0,Not charging,100,0.00,1,8381,3540,balanced
1784612226,13.17,30.40,971,1707,42.0,43.0,Not charging,100,0.00,1,8381,3540,balanced
1784612227,4.81,17.79,1042,3398,43.0,43.0,Not charging,100,0.00,1,8381,3540,balanced
1784612229,5.13,18.12,942,2575,42.0,43.0,Not charging,100,0.00,1,8381,3540,balanced
1784612230,4.51,16.99,1113,3420,43.0,43.0,Not charging,100,0.00,1,8381,3540,balanced
1784612231,8.36,22.28,770,1800,42.0,43.0,Not charging,100,0.00,1,8381,3540,balanced
1784612232,5.08,18.76,908,2352,41.0,43.0,Discharging,100,0.04,1,8381,3540,balanced
1784612233,4.59,17.60,926,4381,42.0,43.0,Not charging,100,0.00,1,8381,3540,balanced
1784612234,5.97,20.31,1384,4000,63.0,43.0,Not charging,100,0.00,1,8381,3540,balanced
1784612235,15.70,35.11,1810,4700,58.0,43.0,Not charging,100,0.00,1,8381,3540,balanced
1784612236,16.91,34.80,2673,3800,80.0,43.0,Not charging,100,0.00,1,8382,3540,balanced
1784612237,16.96,34.53,850,2010,43.0,43.0,Not charging,100,0.00,1,8400,3540,balanced
1784612238,5.40,18.89,1541,3756,44.0,43.0,Not charging,100,0.00,1,8400,3540,balanced
1784612239,4.69,17.38,777,1800,42.0,43.0,Not charging,100,0.00,1,8400,3540,balanced
1784612240,5.12,18.33,929,2554,42.0,43.0,Not charging,100,0.00,1,8400,3540,balanced
1784612241,5.12,17.85,823,2835,43.0,43.0,Not charging,100,0.00,1,8400,3540,balanced
1784612242,4.27,16.63,835,2249,42.0,43.0,Not charging,100,0.00,1,8400,3540,balanced
1784612243,3.77,15.99,1428,3198,45.0,43.0,Not charging,100,0.00,1,8400,3540,balanced
1784612244,11.13,26.56,698,1671,43.0,43.0,Not charging,100,0.00,1,8401,3541,balanced
1784612245,5.24,18.45,1092,3399,45.0,43.0,Discharging,100,0.42,1,8401,3541,balanced
1784612246,3.87,16.77,660,1768,41.0,43.0,Not charging,100,0.00,1,8401,3541,balanced
1784612247,4.61,18.31,1092,3415,42.0,43.0,Not charging,100,0.00,1,8401,3541,balanced
1784612248,4.32,16.86,996,2593,41.0,44.0,Not charging,100,0.00,1,8401,3541,balanced
1784612250,4.92,18.14,811,1604,42.0,44.0,Not charging,100,0.00,1,8401,3541,balanced
1784612251,4.84,17.86,721,1700,42.0,44.0,Not charging,100,0.00,1,8401,3541,balanced
1784612252,4.97,18.48,937,1699,41.0,44.0,Not charging,100,0.00,1,8401,3541,balanced
1784612253,8.11,21.97,895,1809,42.0,44.0,Not charging,100,0.00,1,8401,3541,balanced
1784612254,6.50,20.28,1588,3378,58.0,44.0,Not charging,100,0.00,1,8401,3541,balanced
1784612255,19.65,39.08,2306,4446,80.0,44.0,Not charging,100,0.00,1,8403,3541,balanced
1784612256,10.57,25.50,1122,2199,43.0,44.0,Not charging,100,0.00,1,8415,3541,balanced
1784612257,4.45,17.30,1082,3420,41.0,43.0,Not charging,100,0.00,1,8415,3541,balanced
1784612258,5.37,18.50,1182,2462,42.0,43.0,Not charging,100,0.00,1,8415,3541,balanced
1784612259,4.44,16.90,1077,2806,41.0,43.0,Not charging,100,0.00,1,8415,3541,balanced
1784612260,4.70,17.31,783,2269,42.0,43.0,Not charging,100,0.00,1,8415,3541,balanced
1784612261,4.70,17.80,722,1711,42.0,43.0,Not charging,100,0.00,1,8415,3541,balanced
1784612262,5.56,19.84,1519,4310,45.0,43.0,Not charging,100,0.00,1,8415,3541,balanced
1784612263,4.88,17.82,747,1617,42.0,43.0,Not charging,100,0.00,1,8415,3541,balanced
1784612264,8.00,21.83,1155,3381,44.0,43.0,Not charging,100,0.00,1,8415,3541,balanced
1784612265,5.55,19.09,1597,3378,45.0,43.0,Not charging,100,0.00,1,8415,3541,balanced
1784612266,5.01,17.72,1197,3384,46.0,43.0,Not charging,100,0.00,1,8415,3541,balanced
1784612267,4.82,17.41,1945,4556,76.0,43.0,Not charging,100,0.00,1,8415,3541,balanced
1784612268,6.97,20.64,1075,3814,43.0,43.0,Not charging,100,0.00,1,8415,3541,balanced
1784612270,8.43,23.33,821,2296,43.0,43.0,Not charging,100,0.00,1,8415,3541,balanced
1784612271,6.21,20.29,1038,2388,41.0,43.0,Not charging,100,0.00,1,8415,3541,balanced
1784612272,5.13,18.03,2200,3977,42.0,43.0,Not charging,100,0.00,1,8415,3541,balanced
1784612273,7.83,22.38,639,2559,41.0,43.0,Not charging,100,0.00,1,8415,3541,balanced
1784612274,3.74,16.19,759,2732,41.0,43.0,Not charging,100,0.00,1,8415,3541,balanced
1784612275,4.25,16.79,1060,4224,42.0,43.0,Not charging,100,0.00,1,8415,3541,balanced
1784612276,6.08,19.08,727,1500,41.0,43.0,Not charging,100,0.00,1,8415,3541,balanced
1784612277,3.23,15.29,654,2100,41.0,43.0,Discharging,100,0.04,1,8415,3541,balanced
1784612278,3.09,14.88,1566,3697,42.0,43.0,Not charging,100,0.00,1,8415,3541,balanced
1784612279,3.00,14.68,835,2692,40.0,43.0,Not charging,100,0.00,1,8415,3541,balanced
1784612280,4.14,17.31,1276,3400,43.0,43.0,Not charging,100,0.00,1,8415,3541,balanced
1784612281,22.63,40.35,2583,3000,74.0,43.0,Discharging,100,0.32,1,8415,3541,balanced
1784612282,35.27,55.96,2550,2800,76.0,43.0,Not charging,100,0.00,1,8415,3541,balanced
1784612283,34.88,56.11,2600,2908,77.0,43.0,Not charging,100,0.00,1,8415,3541,balanced
1784612284,33.64,55.96,2632,2900,73.0,43.0,Not charging,100,0.00,1,8415,3541,balanced
1784612285,34.78,55.98,2650,2900,77.0,43.0,Not charging,100,0.00,1,8415,3541,balanced
1784612286,35.02,56.01,2589,2900,77.0,43.0,Not charging,100,0.00,1,8415,3541,balanced
1784612287,35.01,55.94,2786,3100,77.0,43.0,Not charging,100,0.00,1,8415,3541,balanced
1784612288,35.26,56.06,2550,2800,78.0,43.0,Not charging,100,0.00,1,8415,3541,balanced
1784612290,35.06,56.03,2672,3000,79.0,43.0,Not charging,100,0.00,1,8415,3541,balanced
1784612291,34.96,56.00,2737,3000,78.0,44.0,Not charging,100,0.00,1,8415,3541,balanced
1784612292,35.29,55.97,2686,2989,78.0,44.0,Not charging,100,0.00,1,8415,3541,balanced
1784612293,33.92,56.10,2570,2900,77.0,44.0,Not charging,100,0.00,1,8415,3541,balanced
1784612294,34.15,55.96,2651,2917,78.0,44.0,Not charging,100,0.00,1,8415,3541,balanced
1784612295,33.98,56.08,2523,2800,79.0,44.0,Not charging,100,0.00,1,8415,3541,balanced
1784612296,33.26,55.97,2649,2904,77.0,44.0,Not charging,100,0.00,1,8415,3541,balanced
1784612297,33.87,55.97,2649,2900,79.0,45.0,Not charging,100,0.00,1,8415,3541,balanced
1784612298,35.98,56.09,2638,2900,82.0,45.0,Not charging,100,0.00,1,8415,3541,balanced
1784612299,34.26,56.02,2396,2600,78.0,45.0,Not charging,100,0.00,1,8415,3541,balanced
1784612300,34.05,55.98,2650,2900,82.0,46.0,Not charging,100,0.00,1,8415,3541,balanced
1784612301,34.24,55.96,2525,2800,81.0,46.0,Not charging,100,0.00,1,8415,3541,balanced
1784612302,34.22,56.09,2517,2800,82.0,46.0,Not charging,100,0.00,1,8415,3541,balanced
1784612303,34.10,55.99,2533,2800,82.0,46.0,Not charging,100,0.00,1,8415,3541,balanced
1784612304,33.88,55.90,2533,2800,79.0,47.0,Not charging,100,0.00,1,8415,3541,balanced
1784612305,34.45,56.02,2520,2800,81.0,47.0,Not charging,100,0.00,1,8415,3541,balanced
1784612306,34.19,56.12,2522,2812,81.0,47.0,Not charging,100,0.00,1,8415,3541,balanced
1784612307,36.03,55.97,2550,2800,81.0,48.0,Not charging,100,0.00,1,8415,3541,balanced
1784612308,36.67,55.94,2787,3100,83.0,48.0,Not charging,100,0.00,1,8415,3541,balanced
1784612309,36.53,56.01,2718,3000,81.0,48.0,Not charging,100,0.00,1,8415,3541,balanced
1784612310,35.96,56.02,2675,3000,85.0,48.0,Not charging,100,0.00,1,8415,3541,balanced
1784612312,36.33,56.01,2750,3000,86.0,48.0,Not charging,100,0.00,1,8415,3541,balanced
1784612313,35.68,55.97,2693,3000,86.0,49.0,Not charging,100,0.00,1,8415,3541,balanced
1784612314,35.60,56.00,2785,3110,86.0,49.0,Not charging,100,0.00,1,8415,3541,balanced
1784612315,36.53,56.01,2688,3000,85.0,49.0,Not charging,100,0.00,1,8415,3541,balanced
1784612316,36.00,56.10,2568,2900,82.0,49.0,Not charging,100,0.00,1,8415,3541,balanced
1784612317,36.77,55.95,2675,3000,86.0,50.0,Not charging,100,0.00,1,8415,3541,balanced
1784612318,35.44,56.05,2484,2700,79.0,50.0,Not charging,100,0.00,1,8415,3541,balanced
1784612319,33.90,55.91,2575,2900,85.0,50.0,Not charging,100,0.00,1,8415,3541,balanced
1784612320,35.82,56.02,2750,3000,88.0,50.0,Not charging,100,0.00,1,8415,3541,balanced
1784612321,35.30,56.01,2650,2904,83.0,50.0,Not charging,100,0.00,1,8415,3541,balanced
1784612322,34.29,56.05,2650,2900,83.0,50.0,Not charging,100,0.00,1,8415,3541,balanced
1784612323,34.60,56.00,2612,2900,82.0,51.0,Not charging,100,0.00,1,8415,3541,balanced
1784612324,34.25,55.90,2525,2800,83.0,51.0,Not charging,100,0.00,1,8415,3541,balanced
1784612325,32.99,56.10,2551,2900,85.0,51.0,Not charging,100,0.00,1,8415,3541,balanced
1784612326,33.19,56.02,2421,2700,81.0,51.0,Not charging,100,0.00,1,8415,3541,balanced
1784612327,32.91,55.97,2567,2905,85.0,51.0,Not charging,100,0.00,1,8415,3541,balanced
1784612328,34.26,56.02,2575,2900,83.0,52.0,Not charging,100,0.00,1,8415,3541,balanced
1784612330,34.10,55.96,2663,3011,85.0,52.0,Not charging,100,0.00,1,8415,3541,balanced
1784612331,34.83,55.97,2688,3007,83.0,52.0,Not charging,100,0.00,1,8415,3541,balanced
1784612332,34.66,56.02,2734,3000,83.0,52.0,Not charging,100,0.00,1,8415,3541,balanced
1784612333,33.69,56.04,2543,2800,82.0,52.0,Not charging,100,0.00,1,8415,3541,balanced
1784612334,34.32,55.96,2743,3000,85.0,52.0,Not charging,100,0.00,1,8415,3541,balanced
1784612335,34.56,56.01,2749,3000,85.0,52.0,Not charging,100,0.00,1,8415,3541,balanced
1784612336,34.99,56.01,2650,2900,82.0,53.0,Not charging,100,0.00,1,8415,3541,balanced
1784612337,34.37,55.98,2734,3000,85.0,53.0,Not charging,100,0.00,1,8415,3541,balanced
1784612338,34.55,56.04,2638,2900,90.0,53.0,Not charging,100,0.00,1,8415,3541,balanced
1784612339,34.18,56.03,2565,2900,86.0,53.0,Not charging,100,0.00,1,8415,3541,balanced
1784612340,33.56,56.01,2519,2800,82.0,53.0,Not charging,100,0.00,1,8415,3541,balanced
1784612341,33.55,56.03,2540,2800,82.0,53.0,Not charging,100,0.00,1,8415,3541,balanced
1784612342,32.56,56.10,2367,2600,79.0,53.0,Not charging,100,0.00,1,8415,3541,balanced
1784612343,32.15,55.87,2548,2801,82.0,53.0,Not charging,100,0.00,1,8415,3541,balanced
1784612344,33.60,55.95,2740,3007,85.0,54.0,Not charging,100,0.00,1,8415,3541,balanced
1784612345,33.93,56.02,2650,2901,85.0,54.0,Not charging,100,0.00,1,8415,3541,balanced
1784612346,34.00,56.08,2547,2800,85.0,54.0,Not charging,100,0.00,1,8415,3541,balanced
1784612347,34.04,55.93,2650,2900,85.0,54.0,Not charging,100,0.00,1,8415,3541,balanced
1784612348,33.81,56.04,2498,2700,83.0,54.0,Not charging,100,0.00,1,8415,3541,balanced
1784612349,33.39,56.02,2541,2807,81.0,54.0,Not charging,100,0.00,1,8415,3541,balanced
1784612350,33.55,56.00,2542,2800,85.0,54.0,Not charging,100,0.00,1,8415,3541,balanced
1784612351,33.83,55.93,2643,2906,86.0,55.0,Not charging,100,0.00,1,8415,3541,balanced
1784612352,33.01,56.12,2392,2623,81.0,55.0,Not charging,100,0.00,1,8415,3541,balanced
1784612354,33.90,55.94,2550,2800,85.0,55.0,Not charging,100,0.00,1,8415,3541,balanced
1784612355,33.21,55.85,2525,2800,83.0,55.0,Not charging,100,0.00,1,8415,3541,balanced
1784612356,34.51,56.09,2730,3004,86.0,55.0,Not charging,100,0.00,1,8415,3541,balanced
1784612357,35.10,56.00,2647,2901,86.0,55.0,Not charging,100,0.00,1,8415,3541,balanced
1784612358,34.65,56.10,2499,2700,83.0,55.0,Not charging,100,0.00,1,8415,3541,balanced
1784612359,33.89,55.97,2592,2900,86.0,55.0,Not charging,100,0.00,1,8415,3541,balanced
1784612360,35.38,55.90,2647,2900,87.0,55.0,Not charging,100,0.00,1,8415,3541,balanced
1784612361,35.42,56.10,2514,2800,86.0,55.0,Not charging,100,0.00,1,8415,3541,balanced
1784612362,34.17,55.85,2499,2699,82.0,55.0,Not charging,100,0.00,1,8415,3541,balanced
1784612363,33.98,56.12,2487,2706,82.0,56.0,Not charging,100,0.00,1,8415,3541,balanced
1784612364,33.36,56.00,2580,2900,90.0,56.0,Not charging,100,0.00,1,8415,3541,balanced
1784612365,28.31,45.46,2400,2600,78.0,56.0,Not charging,100,0.00,1,8415,3541,balanced
1784612366,26.92,43.37,2293,2700,78.0,56.0,Not charging,100,0.00,1,8415,3541,balanced
1784612367,27.31,44.30,2432,2708,79.0,56.0,Not charging,100,0.00,1,8415,3541,balanced
1784612368,27.24,43.75,2437,2700,77.0,56.0,Not charging,100,0.00,1,8415,3541,balanced
1784612369,27.24,43.69,2432,2700,77.0,56.0,Not charging,100,0.00,1,8415,3541,balanced
1784612370,27.71,44.51,2359,2600,78.0,56.0,Not charging,100,0.00,1,8415,3541,balanced
1784612371,27.50,44.83,2400,2606,77.0,56.0,Not charging,100,0.00,1,8415,3541,balanced
1784612372,27.26,44.09,2500,2700,79.0,56.0,Not charging,100,0.00,1,8415,3541,balanced
1784612373,27.89,45.19,2497,2708,79.0,56.0,Not charging,100,0.00,1,8415,3541,balanced
1784612374,27.51,43.89,2500,2701,78.0,56.0,Not charging,100,0.00,1,8415,3541,balanced
1784612376,27.66,44.50,2421,2700,77.0,56.0,Not charging,100,0.00,1,8415,3541,balanced
1784612377,28.01,45.34,2425,2700,79.0,56.0,Not charging,100,0.00,1,8415,3541,balanced
1784612378,27.70,44.69,2438,2700,78.0,56.0,Not charging,100,0.00,1,8415,3541,balanced
1784612379,27.96,45.11,2397,2600,77.0,57.0,Not charging,100,0.00,1,8415,3541,balanced
1784612380,27.67,44.48,2400,2600,79.0,57.0,Not charging,100,0.00,1,8415,3541,balanced
1784612381,28.20,45.74,2387,2600,77.0,57.0,Not charging,100,0.00,1,8415,3541,balanced
1784612382,27.54,45.19,2435,2704,78.0,57.0,Not charging,100,0.00,1,8415,3541,balanced
1784612383,27.75,44.86,2437,2700,78.0,57.0,Not charging,100,0.00,1,8415,3541,balanced
1784612384,28.07,44.91,2400,2606,81.0,57.0,Not charging,100,0.00,1,8415,3541,balanced
1784612385,27.70,44.53,2486,2716,79.0,57.0,Not charging,100,0.00,1,8415,3541,balanced
1784612386,27.96,44.71,2490,2700,78.0,57.0,Not charging,100,0.00,1,8415,3541,balanced
1784612387,28.16,45.23,2398,2600,78.0,57.0,Not charging,100,0.00,1,8415,3541,balanced
1784612388,27.64,44.15,2495,2700,77.0,57.0,Not charging,100,0.00,1,8415,3541,balanced
1784612389,28.07,44.86,2435,2700,77.0,56.0,Not charging,100,0.00,1,8415,3541,balanced
1784612390,28.05,44.87,2468,2703,79.0,56.0,Not charging,100,0.00,1,8415,3541,balanced
1784612391,27.81,45.03,2437,2700,78.0,56.0,Not charging,100,0.00,1,8415,3541,balanced
1784612392,28.01,44.50,2500,2700,77.0,56.0,Not charging,100,0.00,1,8415,3541,balanced
1784612393,28.07,45.05,2433,2716,77.0,56.0,Not charging,100,0.00,1,8415,3541,balanced
1784612394,27.82,44.36,2490,2700,78.0,56.0,Not charging,100,0.00,1,8415,3541,balanced
1784612395,28.09,45.12,2425,2700,77.0,56.0,Not charging,100,0.00,1,8415,3541,balanced
1784612396,28.16,45.79,2400,2605,77.0,56.0,Not charging,100,0.00,1,8415,3541,balanced
1784612397,27.90,45.53,2400,2600,79.0,56.0,Not charging,100,0.00,1,8415,3541,balanced
1784612399,27.86,46.12,2420,2708,77.0,56.0,Not charging,100,0.00,1,8415,3541,balanced
1784612400,28.09,45.06,2494,2704,78.0,56.0,Not charging,100,0.00,1,8415,3541,balanced
1784612401,27.69,44.54,1025,2800,65.0,56.0,Not charging,100,0.00,1,8415,3541,balanced
1784612402,5.41,16.95,725,2619,53.0,56.0,Not charging,100,0.00,1,8415,3541,balanced
1784612403,10.23,23.62,1965,3827,60.0,56.0,Not charging,100,0.00,1,8415,3541,balanced
1784612404,7.28,19.70,1430,3892,55.0,56.0,Not charging,100,0.00,1,8415,3541,balanced
1784612405,7.56,20.03,1020,2100,52.0,56.0,Not charging,100,0.00,1,8415,3541,balanced
1784612406,5.57,16.27,539,2296,52.0,56.0,Discharging,100,0.11,1,8415,3541,balanced
1784612407,3.28,13.78,935,4094,51.0,56.0,Not charging,100,0.00,1,8415,3541,balanced
1784612408,3.05,12.73,875,3397,56.0,56.0,Not charging,100,0.00,1,8415,3541,balanced
1784612409,3.05,12.67,654,2893,50.0,56.0,Not charging,100,0.00,1,8415,3541,balanced
1784612410,3.64,13.61,1052,3401,55.0,56.0,Not charging,100,0.00,1,8415,3541,balanced
1784612411,5.33,16.54,1824,3526,52.0,56.0,Not charging,100,0.00,1,8415,3541,balanced
1784612412,6.22,17.55,1528,3402,50.0,56.0,Not charging,100,0.00,1,8415,3541,balanced
1784612413,7.18,19.55,920,3422,51.0,56.0,Not charging,100,0.00,1,8415,3541,balanced
1784612414,7.31,20.77,1008,1660,50.0,56.0,Not charging,100,0.00,1,8415,3541,balanced
1784612415,5.51,19.12,864,2644,50.0,56.0,Not charging,100,0.00,1,8415,3541,balanced
1784612416,6.89,19.38,761,2907,49.0,55.0,Not charging,100,0.00,1,8415,3541,balanced
1784612417,6.74,19.04,835,2433,48.0,55.0,Not charging,100,0.00,1,8415,3541,balanced
1784612419,5.31,16.54,1882,3710,52.0,55.0,Not charging,100,0.00,1,8415,3541,balanced
1784612420,5.54,16.59,1804,4049,51.0,55.0,Not charging,100,0.00,1,8415,3541,balanced
1784612421,8.76,21.84,1155,2593,48.0,54.0,Not charging,100,0.00,1,8415,3541,balanced
1784612422,5.92,16.99,753,2422,48.0,54.0,Not charging,100,0.00,1,8415,3541,balanced
1784612423,5.85,17.07,837,3399,52.0,54.0,Not charging,100,0.00,1,8415,3541,balanced
1784612424,7.47,19.32,1475,3392,52.0,54.0,Not charging,100,0.00,1,8415,3541,balanced
1784612425,12.63,26.33,1947,3988,54.0,53.0,Not charging,100,0.00,1,8415,3541,balanced
1784612426,5.32,12.39,935,2243,48.0,53.0,Not charging,100,0.00,1,8415,3541,balanced
1784612427,4.73,11.77,1378,3401,48.0,53.0,Not charging,100,0.00,1,8415,3541,balanced
1784612428,4.74,11.51,997,3401,52.0,53.0,Not charging,100,0.00,1,8415,3541,balanced
1784612429,5.40,12.68,1504,3375,50.0,53.0,Not charging,100,0.00,1,8415,3541,balanced
1784612430,6.08,13.10,1321,3376,51.0,53.0,Not charging,100,0.00,1,8415,3541,balanced
1784612431,4.62,11.26,845,3399,45.0,52.0,Not charging,100,0.00,1,8415,3541,balanced
1784612432,4.47,11.29,1232,4537,47.0,52.0,Not charging,100,0.00,1,8415,3541,balanced
1784612433,4.82,11.71,830,1913,46.0,52.0,Not charging,100,0.00,1,8415,3541,balanced
1784612434,4.80,12.18,1128,3389,49.0,52.0,Not charging,100,0.00,1,8415,3541,balanced
1784612435,4.51,11.15,1246,3404,47.0,52.0,Not charging,100,0.00,1,8415,3541,balanced
1784612436,4.81,11.70,777,1711,44.0,51.0,Not charging,100,0.00,1,8415,3541,balanced
1784612437,4.76,12.48,834,2449,46.0,51.0,Not charging,100,0.00,1,8415,3541,balanced
1784612438,5.82,13.87,1479,3400,48.0,51.0,Not charging,100,0.00,1,8415,3541,balanced
1784612440,6.39,13.96,1319,2441,45.0,51.0,Not charging,100,0.00,1,8415,3541,balanced
1784612441,5.51,12.75,1295,3417,51.0,51.0,Not charging,100,0.00,1,8415,3541,balanced
1784612442,6.29,13.81,1258,3905,46.0,51.0,Not charging,100,0.00,1,8415,3541,balanced
1784612443,3.74,10.00,782,3331,44.0,50.0,Not charging,100,0.00,1,8415,3541,balanced
1784612444,5.00,11.60,1480,4602,92.0,50.0,Not charging,100,0.00,1,8416,3541,balanced
1784612445,4.52,10.95,906,2341,44.0,50.0,Not charging,100,0.00,1,8416,3541,balanced
1784612446,2.48,7.96,657,1814,44.0,50.0,Not charging,100,0.00,1,8416,3541,balanced
1784612447,2.38,7.61,565,2178,44.0,50.0,Not charging,100,0.00,1,8416,3541,balanced
1784612448,2.88,9.02,664,2650,44.0,50.0,Not charging,100,0.00,1,8416,3541,balanced
1784612449,2.83,8.27,855,2071,44.0,50.0,Not charging,100,0.00,1,8416,3541,balanced
1784612450,13.21,23.58,909,3396,46.0,49.0,Not charging,100,0.00,1,8416,3541,balanced
1784612451,7.83,16.10,951,2485,43.0,49.0,Discharging,100,0.03,1,8416,3541,balanced
1784612452,5.63,13.10,1709,3806,44.0,49.0,Not charging,100,0.00,1,8416,3541,balanced
1784612453,4.06,11.23,861,1496,43.0,49.0,Not charging,100,0.00,1,8416,3541,balanced
1784612454,3.57,12.67,756,3024,44.0,49.0,Not charging,100,0.00,1,8416,3541,balanced
1784612455,4.83,13.96,758,3399,47.0,48.0,Not charging,100,0.00,1,8416,3541,balanced
1784612456,19.91,35.63,1948,3919,66.0,48.0,Not charging,100,0.00,1,8445,3544,balanced
1784612457,20.13,35.41,792,2702,46.0,48.0,Not charging,100,0.00,1,8445,3544,balanced
1784612458,20.91,35.93,1990,3893,72.0,48.0,Not charging,100,0.00,1,8449,3546,balanced
1784612460,28.77,46.96,2593,4338,86.0,48.0,Not charging,100,0.00,1,8460,3547,balanced
1784612461,30.86,48.59,748,1701,49.0,48.0,Not charging,100,0.00,1,8476,3559,balanced
1784612462,18.07,31.90,2266,3917,74.0,48.0,Not charging,100,0.00,1,8517,3561,balanced
1784612463,23.83,39.92,679,2654,49.0,48.0,Not charging,100,0.00,1,8537,3561,balanced
1784612464,14.57,27.43,588,2004,45.0,48.0,Not charging,100,0.00,1,8544,3566,balanced
1784612465,8.91,19.24,893,3420,46.0,48.0,Not charging,100,0.00,1,8544,3566,balanced
1784612466,3.18,11.54,997,3400,47.0,48.0,Not charging,100,0.00,1,8544,3566,balanced
1784612467,7.75,18.28,1374,3644,51.0,48.0,Not charging,100,0.00,1,8544,3566,balanced
1784612468,4.06,13.44,696,1925,43.0,48.0,Not charging,100,0.00,1,8544,3566,balanced
1784612469,3.45,12.29,874,3400,44.0,48.0,Not charging,100,0.00,1,8544,3566,balanced
1784612470,3.39,11.80,663,3296,45.0,48.0,Not charging,100,0.00,1,8544,3566,balanced
1784612471,17.02,30.33,1974,4284,73.0,48.0,Not charging,100,0.00,1,8563,3581,balanced
1784612472,25.90,43.80,1695,4093,70.0,48.0,Not charging,100,0.00,1,8583,3599,balanced
1784612473,19.51,34.02,853,3261,50.0,48.0,Not charging,100,0.00,1,8589,3604,balanced
1784612474,7.74,19.34,2240,3971,78.0,48.0,Not charging,100,0.00,1,8589,3604,balanced
1784612475,8.60,19.52,893,3399,47.0,48.0,Not charging,100,0.00,1,8589,3604,balanced
1784612476,8.11,19.09,2161,4344,46.0,48.0,Not charging,100,0.00,1,8589,3604,balanced
1784612477,7.62,18.21,1769,3944,49.0,48.0,Not charging,100,0.00,1,8589,3604,balanced
1784612478,5.51,15.64,1185,3217,45.0,48.0,Not charging,100,0.00,1,8589,3604,balanced
1784612479,6.00,15.81,1941,3626,50.0,48.0,Not charging,100,0.00,1,8589,3604,balanced
1784612481,7.02,17.46,1006,1947,44.0,47.0,Not charging,100,0.00,1,8589,3604,balanced
1784612482,4.39,13.62,1031,1793,43.0,47.0,Not charging,100,0.00,1,8589,3604,balanced
1784612483,3.94,12.98,1124,4022,44.0,47.0,Not charging,100,0.00,1,8589,3604,balanced
1784612484,6.35,16.22,1584,4342,43.0,47.0,Not charging,100,0.00,1,8589,3604,balanced
1784612485,6.58,16.80,1603,4328,44.0,47.0,Discharging,100,0.06,1,8589,3604,balanced
1784612486,4.31,13.47,835,1947,44.0,47.0,Not charging,100,0.00,1,8589,3604,balanced
1784612487,4.99,14.80,821,3399,45.0,47.0,Not charging,100,0.00,1,8589,3604,balanced
1784612488,3.77,12.56,809,3386,44.0,47.0,Not charging,100,0.00,1,8589,3604,balanced
1784612489,4.04,12.91,1954,3959,48.0,47.0,Not charging,100,0.00,1,8589,3604,balanced
1784612490,5.00,14.44,843,1709,41.0,47.0,Not charging,100,0.00,1,8589,3604,balanced
1784612491,4.77,14.73,832,3408,46.0,47.0,Not charging,100,0.00,1,8589,3604,balanced
1784612492,3.64,12.20,2712,3688,47.0,47.0,Not charging,100,0.00,1,8589,3604,balanced
1784612493,4.83,14.18,1072,3399,44.0,47.0,Not charging,100,0.00,1,8589,3604,balanced
1784612494,3.62,12.45,860,2665,43.0,47.0,Not charging,100,0.00,1,8589,3604,balanced
1784612495,3.62,12.15,906,3400,44.0,47.0,Not charging,100,0.00,1,8589,3604,balanced
1784612496,3.66,12.35,610,1700,40.0,46.0,Not charging,100,0.00,1,8589,3604,balanced
1784612497,2.91,10.97,932,3125,43.0,46.0,Not charging,100,0.00,1,8589,3604,balanced
1784612498,3.04,11.30,788,3358,42.0,46.0,Not charging,100,0.00,1,8589,3604,balanced
1784612499,3.36,11.75,1356,3423,41.0,46.0,Not charging,100,0.00,1,8589,3604,balanced
1784612501,3.32,11.80,779,1706,41.0,46.0,Not charging,100,0.00,1,8589,3604,balanced
1784612502,3.50,12.13,1045,3324,41.0,46.0,Not charging,100,0.00,1,8589,3604,balanced
1784612503,4.04,12.81,1131,2437,41.0,46.0,Not charging,100,0.00,1,8589,3604,balanced
1784612504,3.46,11.94,2233,3646,46.0,46.0,Not charging,100,0.00,1,8589,3604,balanced
1784612505,6.63,16.67,726,2822,41.0,46.0,Not charging,100,0.00,1,8589,3604,balanced
1784612506,3.34,12.16,740,3397,47.0,46.0,Not charging,100,0.00,1,8589,3604,balanced
1784612507,4.74,14.04,1117,3391,44.0,46.0,Not charging,100,0.00,1,8589,3604,balanced
1784612508,6.77,17.66,1658,3281,43.0,45.0,Not charging,100,0.00,1,8589,3604,balanced
1784612509,5.23,14.72,1026,1600,42.0,45.0,Not charging,100,0.00,1,8589,3604,balanced
1784612510,4.19,13.16,925,1700,40.0,45.0,Not charging,100,0.00,1,8589,3604,balanced
1784612511,5.41,15.44,981,3018,41.0,45.0,Not charging,100,0.00,1,8589,3604,balanced
1784612512,5.17,15.07,1124,3415,43.0,45.0,Not charging,100,0.00,1,8589,3604,balanced
1784612513,5.68,15.50,926,1863,41.0,45.0,Not charging,100,0.00,1,8589,3604,balanced
1784612514,14.46,27.82,2953,3801,65.0,45.0,Not charging,100,0.00,1,8589,3604,balanced
1784612515,15.91,28.60,1204,3707,42.0,45.0,Discharging,100,0.42,1,8589,3604,balanced
1784612516,8.10,18.61,1197,3911,42.0,45.0,Not charging,100,0.00,1,8589,3604,balanced
1784612517,4.77,14.00,1131,3396,43.0,45.0,Not charging,100,0.00,1,8589,3604,balanced
1784612518,4.61,13.61,1101,2652,44.0,45.0,Not charging,100,0.00,1,8589,3604,balanced
1784612520,4.94,14.37,1900,3787,41.0,45.0,Not charging,100,0.00,1,8589,3604,balanced
1784612521,5.14,14.72,1038,2426,42.0,45.0,Not charging,100,0.00,1,8589,3604,balanced
1784612522,5.10,14.64,918,2695,41.0,45.0,Not charging,100,0.00,1,8589,3604,balanced
1784612523,7.18,17.18,866,3337,45.0,45.0,Not charging,100,0.00,1,8589,3604,balanced
1784612524,6.55,16.42,1127,3396,42.0,45.0,Not charging,100,0.00,1,8589,3604,balanced
1784612525,4.71,14.08,1539,2143,42.0,45.0,Not charging,100,0.00,1,8589,3604,balanced
1784612526,4.28,13.26,966,3400,46.0,45.0,Not charging,100,0.00,1,8589,3604,balanced
1784612527,4.91,14.85,1385,2542,41.0,45.0,Not charging,100,0.00,1,8589,3604,balanced
1784612528,5.26,15.30,679,1700,41.0,45.0,Not charging,100,0.00,1,8589,3604,balanced
1784612529,4.92,14.32,1089,2532,41.0,45.0,Not charging,100,0.00,1,8589,3604,balanced
1784612530,5.22,14.59,715,2018,41.0,44.0,Not charging,100,0.00,1,8589,3604,balanced
1784612531,4.77,13.93,760,3182,42.0,44.0,Not charging,100,0.00,1,8589,3604,balanced
1784612532,20.85,35.68,2315,4056,51.0,44.0,Not charging,100,0.00,1,8590,3605,balanced
1784612533,5.03,14.78,1038,4497,42.0,44.0,Not charging,100,0.00,1,8590,3605,balanced
1784612534,5.76,16.93,661,2265,41.0,44.0,Not charging,100,0.00,1,8590,3605,balanced
1784612535,18.21,32.85,614,2081,46.0,44.0,Discharging,100,0.04,1,8593,3605,balanced
1784612536,3.68,14.21,798,1982,41.0,44.0,Discharging,100,0.04,1,8593,3605,balanced
1784612537,4.73,13.64,1108,3400,42.0,44.0,Not charging,100,0.00,1,8593,3605,balanced
1784612538,3.97,12.68,925,3337,41.0,44.0,Not charging,100,0.00,1,8593,3605,balanced
1784612540,2.84,10.90,575,2123,40.0,44.0,Not charging,100,0.00,1,8593,3605,balanced
1784612541,7.09,16.55,798,3398,45.0,44.0,Not charging,100,0.00,1,8593,3605,balanced
1784612542,2.52,10.77,906,1870,41.0,44.0,Not charging,100,0.00,1,8593,3605,balanced
1784612543,2.75,10.97,736,2596,40.0,44.0,Not charging,100,0.00,1,8593,3605,balanced
1784612544,2.48,10.40,1210,4125,42.0,44.0,Not charging,100,0.00,1,8593,3605,balanced
1784612545,3.15,11.74,1050,3411,44.0,44.0,Not charging,100,0.00,1,8593,3605,balanced
1784612546,3.78,12.67,912,3337,41.0,44.0,Not charging,100,0.00,1,8593,3605,balanced
1784612547,4.15,13.01,676,2079,40.0,44.0,Not charging,100,0.00,1,8593,3605,balanced
1784612548,19.12,32.66,752,2527,42.0,44.0,Not charging,100,0.00,1,8609,3607,balanced
1784612549,4.60,13.88,1217,3042,42.0,44.0,Not charging,100,0.00,1,8609,3607,balanced
1784612550,21.66,36.68,2161,4585,89.0,44.0,Not charging,100,0.00,1,8609,3607,balanced
1784612551,7.46,17.34,664,3400,43.0,44.0,Discharging,100,0.14,1,8609,3607,balanced
1784612552,3.92,12.91,638,3366,41.0,44.0,Not charging,100,0.00,1,8609,3607,balanced
1784612553,2.82,10.85,649,1700,40.0,44.0,Not charging,100,0.00,1,8609,3607,balanced
1784612554,3.10,11.71,830,2978,43.0,44.0,Not charging,100,0.00,1,8609,3607,balanced
1784612555,3.87,12.65,839,3327,43.0,44.0,Not charging,100,0.00,1,8609,3607,balanced
1784612556,3.70,12.32,859,3335,42.0,44.0,Not charging,100,0.00,1,8609,3607,balanced
1784612557,3.11,11.25,725,2830,45.0,44.0,Not charging,100,0.00,1,8609,3607,balanced
1784612558,5.59,14.80,871,3334,41.0,44.0,Not charging,100,0.00,1,8609,3607,balanced
1784612560,6.91,16.35,573,1700,41.0,43.0,Not charging,100,0.00,1,8609,3607,balanced
1784612561,2.73,10.87,682,1700,39.0,43.0,Not charging,100,0.00,1,8609,3607,balanced
1784612562,4.05,12.44,686,3341,44.0,43.0,Not charging,100,0.00,1,8609,3607,balanced
1784612563,3.89,12.61,631,1700,40.0,43.0,Not charging,100,0.00,1,8609,3607,balanced
1784612564,4.29,12.95,1382,3800,55.0,43.0,Not charging,100,0.00,1,8609,3607,balanced
1784612565,5.00,14.33,793,2241,40.0,43.0,Not charging,100,0.00,1,8609,3607,balanced
1784612566,12.11,22.89,2392,3970,70.0,43.0,Not charging,100,0.00,1,8609,3607,balanced
1784612567,3.89,12.47,583,3086,40.0,43.0,Not charging,100,0.00,1,8609,3607,balanced
1784612568,4.25,12.68,480,1600,40.0,43.0,Not charging,100,0.00,1,8609,3607,balanced
1784612569,2.88,10.86,685,2146,40.0,43.0,Not charging,100,0.00,1,8609,3607,balanced
1784612570,3.03,11.09,1190,4280,40.0,43.0,Not charging,100,0.00,1,8609,3607,balanced
1784612571,3.08,11.23,502,1700,40.0,43.0,Not charging,100,0.00,1,8609,3607,balanced
1784612572,3.03,11.13,971,1786,40.0,43.0,Not charging,100,0.00,1,8609,3607,balanced
1784612573,3.09,11.49,655,3320,41.0,43.0,Not charging,100,0.00,1,8609,3607,balanced
1784612574,2.90,11.39,816,3382,41.0,43.0,Not charging,100,0.00,1,8609,3607,balanced
1784612575,3.00,11.52,1148,4479,41.0,43.0,Not charging,100,0.00,1,8609,3607,balanced
1784612576,5.03,14.78,665,1803,40.0,43.0,Not charging,100,0.00,1,8609,3607,balanced
1784612577,21.64,35.91,2219,4142,69.0,43.0,Not charging,100,0.00,1,8630,3608,balanced
1784612579,31.94,50.05,2861,4019,66.0,43.0,Discharging,100,0.13,1,8653,3625,balanced
1784612580,30.91,48.50,2589,3842,65.0,42.0,Not charging,100,0.00,1,8657,3628,balanced
1784612581,30.25,47.25,1613,4161,92.0,42.0,Not charging,100,0.00,1,8708,3660,balanced
1784612582,30.97,49.00,1870,4382,78.0,42.0,Not charging,100,0.00,1,8731,3681,balanced
1784612583,29.49,46.56,2319,4481,80.0,43.0,Discharging,100,0.04,1,8742,3684,balanced
1784612584,12.85,24.52,1323,3396,58.0,43.0,Not charging,100,0.00,1,8759,3686,balanced
1784612585,3.66,12.61,796,1954,41.0,43.0,Not charging,100,0.00,1,8759,3686,balanced
1784612586,7.02,17.00,818,1994,42.0,43.0,Not charging,100,0.00,1,8759,3686,balanced
1784612587,3.92,12.45,928,1986,42.0,43.0,Not charging,100,0.00,1,8759,3686,balanced
1784612588,4.80,13.88,773,1879,41.0,43.0,Not charging,100,0.00,1,8759,3686,balanced
1784612589,31.08,48.61,2518,4577,73.0,43.0,Not charging,100,0.00,1,8763,3687,balanced
1784612590,7.79,17.73,2127,4201,46.0,43.0,Discharging,100,0.08,1,8763,3687,balanced
1784612591,8.43,18.78,1568,3436,47.0,43.0,Not charging,100,0.00,1,8763,3687,balanced
1784612592,24.21,42.04,2765,3540,73.0,43.0,Not charging,100,0.00,1,8763,3687,balanced
1784612593,21.69,38.43,2026,3809,79.0,43.0,Not charging,100,0.00,1,8763,3687,balanced
1784612594,24.00,40.26,2697,4466,74.0,43.0,Not charging,100,0.00,1,8763,3687,balanced
1784612595,27.45,45.36,1474,4550,68.0,43.0,Not charging,100,0.00,1,8764,3688,balanced
1784612596,22.86,37.76,2258,3455,55.0,43.0,Not charging,100,0.00,1,8764,3688,balanced
1784612597,17.88,31.55,848,1804,46.0,43.0,Not charging,100,0.00,1,8766,3690,balanced
1784612598,5.34,15.68,858,3399,45.0,44.0,Not charging,100,0.00,1,8766,3690,balanced
1784612599,4.14,13.03,854,2687,42.0,44.0,Not charging,100,0.00,1,8766,3690,balanced
1784612600,6.65,16.48,1690,3837,48.0,44.0,Not charging,100,0.00,1,8766,3690,balanced
1784612602,5.49,13.87,1162,3392,43.0,44.0,Not charging,100,0.00,1,8766,3690,balanced
1784612603,4.44,11.23,633,1816,42.0,44.0,Not charging,100,0.00,1,8766,3690,balanced
1784612604,3.05,9.17,625,1828,41.0,44.0,Not charging,100,0.00,1,8766,3690,balanced
1784612605,4.22,11.16,1001,3371,44.0,44.0,Not charging,100,0.00,1,8766,3690,balanced
1784612606,4.69,11.83,1401,4386,44.0,44.0,Not charging,100,0.00,1,8766,3690,balanced
1784612607,4.20,10.79,943,3376,43.0,44.0,Not charging,100,0.00,1,8766,3690,balanced
1784612608,4.32,11.22,628,1937,42.0,44.0,Not charging,100,0.00,1,8766,3690,balanced
1784612609,4.83,12.07,1233,3388,42.0,44.0,Not charging,100,0.00,1,8766,3690,balanced
1784612610,4.17,10.70,1054,1503,42.0,44.0,Not charging,100,0.00,1,8766,3690,balanced
1784612611,4.51,11.23,1355,3401,43.0,44.0,Not charging,100,0.00,1,8766,3690,balanced
1784612612,4.54,11.16,852,1898,41.0,44.0,Not charging,100,0.00,1,8766,3690,balanced
1784612613,4.93,12.60,1387,3524,42.0,44.0,Not charging,100,0.00,1,8766,3690,balanced
1784612614,4.70,12.01,826,1704,41.0,44.0,Not charging,100,0.00,1,8766,3690,balanced
1784612615,3.71,9.81,931,3398,42.0,44.0,Not charging,100,0.00,1,8766,3690,balanced
1784612616,4.17,10.60,1115,4193,41.0,44.0,Not charging,100,0.00,1,8766,3690,balanced
1784612617,3.41,9.33,690,2886,41.0,44.0,Not charging,100,0.00,1,8766,3690,balanced
1784612618,4.86,12.01,645,1872,41.0,44.0,Not charging,100,0.00,1,8766,3690,balanced
1784612619,5.59,12.77,919,1800,41.0,44.0,Not charging,100,0.00,1,8766,3690,balanced
1784612620,5.15,11.89,806,3396,48.0,44.0,Not charging,100,0.00,1,8766,3690,balanced
1784612622,3.42,11.00,664,2393,41.0,44.0,Not charging,100,0.00,1,8766,3690,balanced
1784612623,3.59,12.50,543,1700,40.0,44.0,Not charging,100,0.00,1,8766,3690,balanced
1784612624,4.79,13.69,1428,3762,49.0,44.0,Not charging,100,0.00,1,8766,3690,balanced
1784612625,6.90,16.54,1049,1601,41.0,44.0,Not charging,100,0.00,1,8769,3693,balanced
1784612626,3.50,13.09,1084,4450,40.0,43.0,Not charging,100,0.00,1,8769,3693,balanced
1784612627,3.49,11.96,1136,4700,45.0,43.0,Not charging,100,0.00,1,8769,3693,balanced
1784612628,3.45,11.79,1100,3398,41.0,43.0,Not charging,100,0.00,1,8769,3693,balanced
1784612629,7.82,18.35,1094,2669,41.0,43.0,Not charging,100,0.00,1,8769,3693,balanced
1784612630,4.83,14.00,916,2426,42.0,43.0,Not charging,100,0.00,1,8769,3693,balanced
1784612631,19.05,33.18,632,2776,42.0,43.0,Discharging,100,0.04,1,8773,3695,balanced
1784612632,4.93,14.17,495,1824,42.0,43.0,Not charging,100,0.00,1,8773,3695,balanced
1784612633,8.48,18.58,2310,3800,97.0,43.0,Not charging,100,0.00,1,8776,3698,balanced
1784612634,11.23,21.98,1039,3406,43.0,43.0,Not charging,100,0.00,1,8786,3708,balanced
1784612635,2.70,11.07,772,1667,41.0,43.0,Not charging,100,0.00,1,8786,3708,balanced
1784612636,4.55,14.28,1416,3322,41.0,43.0,Not charging,100,0.00,1,8786,3708,balanced
1784612637,3.56,11.99,571,2343,43.0,43.0,Not charging,100,0.00,1,8786,3708,balanced
1784612638,2.85,11.11,1112,4270,41.0,43.0,Not charging,100,0.00,1,8786,3708,balanced
1784612639,6.06,15.04,988,3044,43.0,43.0,Not charging,100,0.00,1,8786,3708,balanced
1784612641,2.56,10.41,782,1632,40.0,43.0,Not charging,100,0.00,1,8786,3708,balanced
1784612642,2.28,9.97,1134,3409,43.0,43.0,Not charging,100,0.00,1,8786,3708,balanced
1784612643,2.81,10.57,590,2227,40.0,43.0,Not charging,100,0.00,1,8786,3708,balanced
1784612644,2.62,10.79,872,3344,41.0,43.0,Not charging,100,0.00,1,8786,3708,balanced
1784612645,2.41,9.97,808,3349,41.0,43.0,Not charging,100,0.00,1,8786,3708,balanced
1784612646,2.14,9.46,779,2921,40.0,43.0,Not charging,100,0.00,1,8786,3708,balanced
1784612647,19.95,33.71,1811,3427,55.0,43.0,Not charging,100,0.00,1,8786,3708,balanced
1784612648,30.35,47.49,2172,3968,65.0,43.0,Not charging,100,0.00,1,8801,3708,balanced
1784612649,30.94,47.59,2680,4700,68.0,43.0,Not charging,100,0.00,1,8847,3732,balanced
1784612650,27.12,43.95,2137,3800,86.0,43.0,Not charging,100,0.00,1,8860,3734,balanced
1784612651,8.87,18.97,1397,3977,46.0,43.0,Not charging,100,0.00,1,8866,3734,balanced
1784612652,3.35,11.53,1006,3388,42.0,43.0,Not charging,100,0.00,1,8866,3734,balanced
1784612653,4.19,13.61,631,1600,41.0,43.0,Not charging,100,0.00,1,8866,3734,balanced
1784612654,4.29,14.15,1628,2927,42.0,43.0,Not charging,100,0.00,1,8866,3734,balanced
1784612655,5.07,14.31,1316,3661,41.0,43.0,Not charging,100,0.00,1,8866,3734,balanced
1784612656,4.04,13.38,844,3411,43.0,43.0,Not charging,100,0.00,1,8866,3734,balanced
1784612657,2.86,10.61,736,2035,40.0,43.0,Not charging,100,0.00,1,8866,3734,balanced
1784612658,4.18,12.95,796,2409,41.0,43.0,Not charging,100,0.00,1,8866,3734,balanced
1784612659,3.73,12.61,771,2419,42.0,43.0,Not charging,100,0.00,1,8866,3734,balanced
1784612660,4.05,13.04,674,3332,43.0,43.0,Not charging,100,0.00,1,8866,3734,balanced
1784612662,4.49,13.36,1051,3398,42.0,43.0,Not charging,100,0.00,1,8866,3734,balanced
1784612663,10.20,21.79,2173,3975,52.0,43.0,Not charging,100,0.00,1,8866,3734,balanced
1784612664,17.04,31.23,686,2026,41.0,43.0,Discharging,100,0.08,1,8866,3734,balanced
1784612665,4.07,13.08,667,2163,42.0,43.0,Not charging,100,0.00,1,8866,3734,balanced
1784612666,4.78,14.35,1067,3170,41.0,43.0,Not charging,100,0.00,1,8866,3734,balanced
1784612667,5.52,15.37,642,3051,42.0,43.0,Not charging,100,0.00,1,8866,3734,balanced
1784612668,4.71,13.99,889,2698,42.0,43.0,Not charging,100,0.00,1,8866,3734,balanced
1784612669,6.70,16.71,952,3563,44.0,43.0,Not charging,100,0.00,1,8866,3734,balanced
1784612670,3.36,11.90,847,2790,42.0,43.0,Not charging,100,0.00,1,8866,3734,balanced
1784612671,3.94,12.74,1795,3984,44.0,43.0,Not charging,100,0.00,1,8866,3734,balanced
1784612672,5.81,14.85,2226,3800,69.0,43.0,Not charging,100,0.00,1,8866,3734,balanced
1784612673,30.16,47.59,2027,3944,69.0,43.0,Not charging,100,0.00,1,8866,3734,balanced
1784612674,11.54,23.26,1034,1885,41.0,43.0,Not charging,100,0.00,1,8869,3737,balanced
1784612675,20.34,35.55,1911,4562,82.0,43.0,Not charging,100,0.00,1,8877,3738,balanced
1784612676,34.97,55.74,2950,3300,76.0,43.0,Not charging,100,0.00,1,8878,3739,balanced
1784612677,23.50,39.87,1469,3107,46.0,43.0,Discharging,100,0.04,1,8881,3741,balanced
1784612678,13.81,25.86,1980,3556,59.0,43.0,Discharging,100,0.15,1,8886,3744,balanced
1784612679,28.56,45.66,2428,3938,78.0,43.0,Not charging,100,0.00,1,8918,3762,balanced
1784612680,32.78,53.71,2975,3859,79.0,43.0,Not charging,100,0.07,1,8925,3769,balanced
1784612681,26.30,44.42,2103,4700,68.0,43.0,Discharging,100,0.07,1,8941,3775,balanced
1784612682,21.72,38.41,1973,4632,86.0,43.0,Not charging,100,0.00,1,8965,3796,balanced
1784612683,25.64,42.35,2251,4330,59.0,43.0,Not charging,100,0.00,1,8990,3797,balanced
1784612684,34.21,55.25,2953,3751,73.0,43.0,Not charging,100,0.00,1,8998,3797,balanced
1784612686,30.98,51.48,2388,4561,78.0,43.0,Discharging,100,0.11,1,9041,3817,balanced
1784612687,24.49,41.41,1864,3713,49.0,43.0,Discharging,100,0.08,1,9075,3822,balanced
1784612688,4.44,14.56,860,1602,45.0,43.0,Discharging,100,0.08,1,9075,3822,balanced
1784612689,3.25,11.89,685,1700,43.0,44.0,Not charging,100,0.00,1,9075,3822,balanced
1784612690,4.61,14.15,738,2337,44.0,44.0,Not charging,100,0.00,1,9075,3822,balanced
1784612691,5.01,14.06,691,2920,44.0,44.0,Not charging,100,0.00,1,9075,3822,balanced
1784612692,25.81,42.14,2991,3800,66.0,44.0,Not charging,100,0.00,1,9076,3823,balanced
1784612693,15.97,28.65,1382,3386,50.0,44.0,Not charging,100,0.00,1,9076,3823,balanced
1784612694,35.01,55.12,2753,3800,91.0,44.0,Discharging,100,0.07,1,9076,3823,balanced
1784612695,33.82,54.67,3100,3500,70.0,44.0,Discharging,100,0.07,1,9078,3823,balanced
1784612696,32.93,53.14,2932,3945,80.0,45.0,Discharging,100,0.07,1,9097,3832,balanced
1784612697,15.90,29.67,2428,3974,55.0,45.0,Not charging,100,0.00,1,9098,3833,balanced
1784612698,14.79,28.41,2895,3800,68.0,45.0,Not charging,100,0.00,1,9098,3833,balanced
1784612699,7.51,18.12,1570,3139,47.0,45.0,Not charging,100,0.00,1,9098,3833,balanced
1784612700,3.53,12.03,1390,3372,47.0,45.0,Not charging,100,0.00,1,9098,3833,balanced
1784612701,8.14,20.41,1495,3400,47.0,45.0,Not charging,100,0.00,1,9098,3833,balanced
1784612702,8.63,20.06,2276,3937,51.0,45.0,Not charging,100,0.00,1,9098,3833,balanced
1784612703,4.42,14.29,763,2461,43.0,45.0,Not charging,100,0.00,1,9098,3833,balanced
1784612704,4.41,13.55,857,3383,45.0,45.0,Not charging,100,0.00,1,9098,3833,balanced
1784612705,4.09,13.52,722,2067,43.0,45.0,Not charging,100,0.00,1,9098,3833,balanced
1784612706,3.82,12.66,679,3325,45.0,45.0,Not charging,100,0.00,1,9098,3833,balanced
1784612708,2.80,8.95,683,3400,45.0,45.0,Not charging,100,0.00,1,9098,3833,balanced
1784612709,3.02,9.38,813,3382,42.0,45.0,Not charging,100,0.00,1,9098,3833,balanced
1784612710,2.81,9.12,1446,3423,46.0,45.0,Not charging,100,0.00,1,9098,3833,balanced
1784612711,3.71,10.09,662,2653,43.0,45.0,Not charging,100,0.00,1,9098,3833,balanced
1784612712,4.98,12.81,1042,2250,43.0,46.0,Not charging,100,0.00,1,9098,3833,balanced
1784612713,7.96,16.15,1533,3411,45.0,45.0,Not charging,100,0.00,1,9098,3833,balanced
1784612714,6.98,15.88,2874,3800,70.0,45.0,Not charging,100,0.00,1,9098,3833,balanced
1784612715,7.30,15.20,1205,3166,45.0,45.0,Not charging,100,0.00,1,9098,3833,balanced
1784612716,16.12,27.42,1158,2113,43.0,45.0,Not charging,100,0.00,1,9099,3833,balanced
1784612717,8.30,17.83,1162,3041,49.0,45.0,Not charging,100,0.00,1,9099,3833,balanced
1784612718,6.87,14.66,1104,2634,46.0,45.0,Not charging,100,0.00,1,9099,3833,balanced
1784612719,7.88,16.45,790,1831,42.0,45.0,Not charging,100,0.00,1,9099,3833,balanced
1784612720,6.62,14.20,1760,3622,47.0,45.0,Not charging,100,0.00,1,9099,3833,balanced
1784612721,5.51,12.58,1751,3388,44.0,45.0,Not charging,100,0.00,1,9099,3833,balanced
1784612722,4.45,11.13,1568,3128,45.0,45.0,Not charging,100,0.00,1,9099,3833,balanced
1784612723,4.83,11.29,1836,4598,47.0,45.0,Not charging,100,0.00,1,9099,3833,balanced
1784612724,9.79,18.17,800,2257,45.0,45.0,Not charging,100,0.00,1,9099,3833,balanced
1784612725,4.61,10.92,839,3308,41.0,45.0,Not charging,100,0.00,1,9099,3833,balanced
1784612726,4.38,10.78,1080,3411,45.0,45.0,Not charging,100,0.00,1,9099,3833,balanced
1784612728,4.52,11.17,1341,3404,44.0,45.0,Not charging,100,0.00,1,9099,3833,balanced
1784612729,6.60,13.74,1510,3399,48.0,45.0,Not charging,100,0.00,1,9099,3833,balanced
1784612730,5.54,13.13,873,2137,41.0,44.0,Not charging,100,0.00,1,9099,3833,balanced
1784612731,4.22,10.28,1329,3571,42.0,44.0,Not charging,100,0.00,1,9099,3833,balanced
1784612732,5.20,12.20,879,1864,41.0,44.0,Not charging,100,0.00,1,9099,3833,balanced
1784612733,4.28,10.49,1068,2361,43.0,44.0,Not charging,100,0.00,1,9099,3833,balanced
1784612734,4.92,11.79,949,1975,41.0,44.0,Not charging,100,0.00,1,9099,3833,balanced
1784612735,10.53,19.62,2046,3831,58.0,44.0,Not charging,100,0.00,1,9099,3833,balanced
1784612736,34.10,49.96,2234,3927,82.0,44.0,Not charging,100,0.00,1,9131,3838,balanced
1784612737,29.49,45.48,1779,4538,92.0,44.0,Discharging,100,0.17,1,9148,3843,balanced
1784612738,16.43,28.42,1587,2390,43.0,44.0,Not charging,100,0.00,1,9152,3845,balanced
1784612739,9.23,18.45,631,1707,43.0,44.0,Not charging,100,0.00,1,9152,3845,balanced
1784612740,5.73,15.27,1610,3969,66.0,44.0,Not charging,100,0.00,1,9152,3845,balanced
1784612741,8.28,18.43,948,1943,43.0,44.0,Not charging,100,0.00,1,9152,3845,balanced
1784612742,4.81,14.36,769,1856,41.0,44.0,Discharging,100,0.03,1,9152,3845,balanced
1784612743,4.85,14.11,1680,4152,48.0,44.0,Not charging,100,0.00,1,9152,3845,balanced
1784612744,9.94,21.88,1734,3403,42.0,44.0,Not charging,100,0.00,1,9152,3845,balanced
1784612745,13.47,25.39,2145,3800,82.0,44.0,Not charging,100,0.00,1,9153,3845,balanced
1784612746,25.93,43.92,2874,3918,60.0,44.0,Not charging,100,0.00,1,9159,3847,balanced
1784612747,29.45,48.36,1574,3230,49.0,44.0,Not charging,100,0.00,1,9174,3847,balanced
1784612749,12.05,24.72,860,2160,45.0,44.0,Not charging,100,0.00,1,9174,3847,balanced
1784612750,3.46,12.63,1314,3971,42.0,44.0,Discharging,100,0.17,1,9174,3847,balanced
1784612751,14.64,27.74,2245,3968,80.0,44.0,Not charging,100,0.00,1,9206,3852,balanced
1784612752,26.02,44.28,1272,4426,79.0,44.0,Not charging,100,0.00,1,9223,3862,balanced
1784612753,27.29,44.64,2028,3771,59.0,44.0,Not charging,100,0.00,1,9232,3871,balanced
1784612754,32.29,51.59,2511,3980,60.0,44.0,Not charging,100,0.00,1,9249,3880,balanced
1784612755,30.67,49.38,1670,3381,73.0,44.0,Discharging,100,0.07,1,9249,3880,balanced
1784612756,13.54,26.29,951,1701,46.0,44.0,Not charging,100,0.00,1,9260,3884,balanced
1784612757,5.53,15.79,823,1951,45.0,44.0,Not charging,100,0.00,1,9260,3884,balanced
1784612758,8.98,19.94,2053,4633,76.0,44.0,Not charging,100,0.00,1,9260,3884,balanced
1784612759,29.05,47.61,2358,3989,64.0,44.0,Not charging,100,0.00,1,9265,3888,balanced
1784612760,22.06,39.48,2312,3893,82.0,44.0,Discharging,100,0.04,1,9265,3888,balanced
1784612761,28.94,50.49,2496,3800,63.0,44.0,Not charging,100,0.00,1,9265,3888,balanced
1784612762,25.90,46.33,2219,3875,63.0,44.0,Discharging,100,0.15,1,9265,3888,balanced
1784612763,20.76,38.92,2243,4000,78.0,45.0,Not charging,100,0.00,1,9265,3888,balanced
1784612764,26.66,45.84,2029,4055,97.0,45.0,Not charging,100,0.00,1,9302,3908,balanced
1784612765,33.10,53.40,2140,3979,100.0,45.0,Discharging,100,0.21,1,9340,3938,balanced
1784612766,29.20,48.85,2929,3847,80.0,45.0,Discharging,100,0.15,1,9362,3951,balanced
1784612767,31.08,51.54,3072,3800,75.0,45.0,Discharging,100,0.15,1,9363,3952,balanced
1784612768,32.81,54.01,2975,3801,79.0,45.0,Discharging,100,0.18,1,9367,3954,balanced
1784612769,30.80,51.42,1383,3800,77.0,45.0,Discharging,100,0.04,1,9385,3971,balanced
1784612770,5.98,15.95,706,1885,47.0,45.0,Discharging,100,0.02,1,9385,3971,balanced
1784612771,3.11,11.78,933,3814,47.0,45.0,Not charging,100,0.00,1,9385,3971,balanced
1784612772,3.71,12.09,994,3174,47.0,46.0,Not charging,100,0.00,1,9385,3971,balanced
1784612774,3.25,11.70,996,3372,44.0,46.0,Not charging,100,0.00,1,9385,3971,balanced
1784612775,7.23,16.85,821,2410,48.0,46.0,Not charging,100,0.00,1,9385,3971,balanced
1784612776,8.21,15.91,991,3397,49.0,46.0,Not charging,100,0.00,1,9385,3971,balanced
1784612777,7.56,15.03,1225,3669,46.0,46.0,Not charging,100,0.00,1,9385,3971,balanced
1784612778,5.27,13.17,988,2845,45.0,46.0,Not charging,100,0.00,1,9385,3971,balanced
1784612779,4.93,11.94,1021,3282,46.0,46.0,Not charging,100,0.00,1,9385,3971,balanced
1784612780,4.84,12.12,1532,4475,47.0,46.0,Not charging,100,0.00,1,9385,3971,balanced
1784612781,6.07,13.87,877,1705,45.0,46.0,Not charging,100,0.00,1,9385,3971,balanced
1784612782,4.61,11.73,829,2405,43.0,46.0,Not charging,100,0.00,1,9385,3971,balanced
1784612783,5.28,12.50,1177,3400,46.0,46.0,Not charging,100,0.00,1,9385,3971,balanced
1784612784,30.23,47.89,2670,2982,77.0,46.0,Not charging,100,0.00,1,9389,3975,balanced
1784612785,35.05,53.60,2457,3843,74.0,46.0,Discharging,100,0.16,1,9394,3976,balanced
1784612786,32.93,50.44,2597,3975,66.0,46.0,Not charging,100,0.00,1,9399,3981,balanced
1784612787,31.40,49.65,2732,3800,68.0,46.0,Discharging,100,0.20,1,9409,3991,balanced
1784612788,27.84,44.73,2503,3896,80.0,46.0,Not charging,100,0.00,1,9437,4008,balanced
1784612789,28.91,46.06,2259,2877,68.0,46.0,Not charging,100,0.00,1,9448,4011,balanced
1784612790,32.99,51.72,2750,3800,66.0,46.0,Not charging,100,0.00,1,9450,4011,balanced
1784612791,26.24,41.99,936,3402,50.0,46.0,Not charging,100,0.00,1,9463,4018,balanced
1784612792,4.27,10.63,1412,3400,47.0,46.0,Discharging,100,0.17,1,9463,4018,balanced
1784612793,4.46,11.56,933,3393,47.0,46.0,Not charging,100,0.00,1,9463,4018,balanced
1784612794,6.26,13.72,1052,3404,48.0,46.0,Not charging,100,0.00,1,9463,4018,balanced
1784612796,4.30,11.19,956,2501,44.0,46.0,Not charging,100,0.00,1,9463,4018,balanced
1784612797,3.46,9.93,496,1854,44.0,46.0,Not charging,100,0.00,1,9463,4018,balanced
1784612798,3.25,8.84,563,1959,43.0,46.0,Not charging,100,0.00,1,9463,4018,balanced
1784612799,2.81,8.27,640,3353,44.0,46.0,Not charging,100,0.00,1,9463,4018,balanced
1784612800,3.62,9.43,633,3035,43.0,46.0,Not charging,100,0.00,1,9463,4018,balanced
1784612801,3.33,9.20,614,3360,44.0,46.0,Not charging,100,0.00,1,9463,4018,balanced
1784612802,3.72,9.75,1140,3400,44.0,47.0,Not charging,100,0.00,1,9463,4018,balanced
1784612803,6.64,14.89,891,2075,44.0,47.0,Not charging,100,0.00,1,9463,4018,balanced
1784612804,15.73,27.21,1131,2057,50.0,47.0,Not charging,100,0.00,1,9463,4018,balanced
1784612805,6.16,14.39,1427,3377,47.0,47.0,Not charging,100,0.00,1,9463,4018,balanced
1784612806,5.54,12.60,693,3397,47.0,46.0,Not charging,100,0.00,1,9463,4018,balanced
1784612807,5.78,12.98,789,2658,41.0,46.0,Not charging,100,0.00,1,9463,4018,balanced
1784612808,5.37,14.56,1237,4453,43.0,46.0,Not charging,100,0.00,1,9463,4018,balanced
1784612809,5.85,15.82,754,1600,41.0,46.0,Discharging,100,0.07,1,9463,4018,balanced
1784612810,4.91,14.34,961,2444,42.0,46.0,Not charging,100,0.00,1,9463,4018,balanced
1784612811,5.15,15.25,1174,3384,44.0,46.0,Not charging,100,0.00,1,9463,4018,balanced
1784612812,6.26,17.00,2632,3426,52.0,46.0,Not charging,100,0.00,1,9463,4018,balanced
1784612813,31.86,53.04,3498,3800,76.0,46.0,Not charging,100,0.07,1,9481,4025,balanced
1784612814,27.51,47.62,2021,4386,94.0,46.0,Discharging,100,0.07,1,9504,4026,balanced
1784612815,30.45,50.49,2364,4000,69.0,46.0,Not charging,100,0.00,1,9511,4031,balanced
1784612817,8.20,21.19,858,2555,46.0,46.0,Not charging,100,0.00,1,9511,4031,balanced
1784612818,25.36,43.87,2610,3740,79.0,46.0,Not charging,100,0.00,1,9517,4037,balanced
1784612819,11.65,24.70,1767,3857,45.0,46.0,Not charging,100,0.00,1,9520,4039,balanced
1784612820,7.18,18.39,2736,3200,61.0,45.0,Not charging,100,0.00,1,9520,4039,balanced
1784612821,19.22,35.44,1257,3384,48.0,45.0,Not charging,100,0.15,1,9520,4039,balanced
1784612822,5.62,15.30,766,3163,43.0,45.0,Discharging,100,0.15,1,9520,4039,balanced
1784612823,6.66,18.14,789,1841,46.0,45.0,Not charging,100,0.00,1,9520,4039,balanced
1784612824,5.67,17.34,2119,3793,56.0,46.0,Not charging,100,0.00,1,9520,4039,balanced
1784612825,6.51,17.10,2905,3801,66.0,46.0,Not charging,100,0.00,1,9520,4039,balanced
1784612826,14.21,28.64,1781,3386,45.0,46.0,Discharging,100,0.11,1,9524,4039,balanced
1784612827,9.24,21.05,1320,3402,44.0,46.0,Not charging,100,0.00,1,9524,4039,balanced
1784612828,5.61,16.93,1192,3372,46.0,46.0,Not charging,100,0.00,1,9524,4039,balanced
1784612829,5.17,13.68,806,3395,44.0,46.0,Not charging,100,0.00,1,9524,4039,balanced
1784612830,4.45,11.58,678,3103,43.0,46.0,Not charging,100,0.00,1,9524,4039,balanced
1784612831,4.38,11.97,1310,3402,47.0,46.0,Not charging,100,0.00,1,9524,4039,balanced
1784612832,4.67,11.87,874,1969,42.0,46.0,Not charging,100,0.00,1,9524,4039,balanced
1784612833,4.46,12.17,1965,3823,49.0,46.0,Not charging,100,0.00,1,9524,4039,balanced
1784612834,6.52,15.41,565,2111,41.0,45.0,Not charging,100,0.00,1,9524,4039,balanced
1784612835,5.74,13.99,873,3393,42.0,45.0,Not charging,100,0.00,1,9524,4039,balanced
1784612836,5.24,12.23,1065,3391,45.0,45.0,Not charging,100,0.00,1,9524,4039,balanced
1784612837,22.34,38.95,2434,3656,65.0,45.0,Not charging,100,0.00,1,9525,4040,balanced
1784612839,31.02,51.73,2605,4400,79.0,45.0,Discharging,100,0.14,1,9555,4052,balanced
1784612840,34.67,56.68,2783,3806,88.0,45.0,Discharging,100,0.09,1,9560,4056,balanced
1784612841,28.15,47.90,2283,3962,95.0,45.0,Not charging,100,0.00,1,9589,4076,balanced
1784612842,27.26,46.58,3431,3801,68.0,45.0,Discharging,100,0.03,1,9659,4144,balanced
1784612843,31.22,53.26,2296,3801,68.0,45.0,Discharging,100,0.05,1,9668,4146,balanced
1784612844,32.20,54.15,2863,3802,83.0,45.0,Discharging,100,0.28,1,9691,4169,balanced
1784612845,27.71,46.84,2960,3999,81.0,45.0,Discharging,100,0.28,1,9735,4171,balanced
1784612846,31.88,52.87,3146,3804,70.0,45.0,Discharging,100,0.08,1,9760,4196,balanced
1784612847,31.10,52.49,1372,3390,55.0,45.0,Not charging,100,0.00,1,9760,4196,balanced
1784612848,17.41,34.13,2030,3800,74.0,45.0,Discharging,100,0.07,1,9761,4197,balanced
1784612849,18.55,35.44,1357,3400,47.0,45.0,Not charging,100,0.00,1,9764,4199,balanced
1784612850,8.71,21.67,1362,3356,48.0,45.0,Not charging,100,0.00,1,9764,4199,balanced
1784612851,14.60,27.98,963,2738,50.0,45.0,Not charging,100,0.00,1,9764,4199,balanced
1784612852,6.54,17.57,1120,1700,48.0,45.0,Not charging,100,0.00,1,9764,4199,balanced
1784612853,5.61,15.48,1018,2245,45.0,46.0,Discharging,100,0.07,1,9764,4199,balanced
1784612854,6.06,15.58,1068,2429,44.0,46.0,Not charging,100,0.00,1,9764,4199,balanced
1784612855,5.87,14.81,1360,3405,47.0,46.0,Not charging,100,0.00,1,9764,4199,balanced
1784612856,20.26,34.31,1889,4539,82.0,46.0,Not charging,100,0.00,1,9766,4200,balanced
1784612857,34.62,54.33,2997,3700,76.0,46.0,Discharging,100,0.39,1,9792,4208,balanced
1784612858,29.95,48.55,2992,4199,77.0,46.0,Discharging,100,0.07,1,9803,4215,balanced
1784612859,27.99,45.55,1478,3411,51.0,46.0,Not charging,100,0.00,1,9804,4216,balanced
1784612860,17.52,29.92,2005,2330,69.0,46.0,Not charging,100,0.00,1,9807,4216,balanced
1784612861,8.98,19.37,1174,3389,47.0,46.0,Discharging,100,0.12,1,9807,4216,balanced
1784612863,9.79,20.57,782,1700,46.0,47.0,Not charging,100,0.00,1,9808,4217,balanced
1784612864,13.54,24.84,1095,2496,48.0,47.0,Discharging,100,0.02,1,9810,4217,balanced
1784612865,7.25,16.52,1056,3386,46.0,47.0,Not charging,100,0.00,1,9816,4217,balanced
1784612866,9.49,18.77,1141,2655,50.0,47.0,Not charging,100,0.00,1,9816,4217,balanced
1784612867,6.32,15.08,1867,4241,67.0,47.0,Not charging,100,0.00,1,9816,4217,balanced
1784612868,8.20,17.48,896,3400,47.0,47.0,Not charging,100,0.00,1,9816,4217,balanced
1784612869,3.73,10.86,725,1800,43.0,47.0,Not charging,100,0.00,1,9816,4217,balanced
1784612870,5.21,13.78,1804,4334,56.0,47.0,Not charging,100,0.00,1,9816,4217,balanced
1784612871,3.46,10.43,1180,3523,45.0,47.0,Discharging,100,0.10,1,9816,4217,balanced
1784612872,3.14,10.07,1809,3873,65.0,47.0,Not charging,100,0.00,1,9816,4217,balanced
1784612873,3.43,10.92,1293,4579,67.0,47.0,Not charging,100,0.00,1,9816,4217,balanced
1784612874,5.65,13.95,1304,4493,55.0,46.0,Not charging,100,0.00,1,9816,4217,balanced
1784612875,3.56,11.38,1162,2592,53.0,46.0,Not charging,100,0.00,1,9816,4217,balanced
1784612876,3.35,11.03,1245,4540,46.0,46.0,Not charging,100,0.00,1,9816,4217,balanced
1784612877,3.63,12.01,1435,4514,60.0,46.0,Not charging,100,0.00,1,9816,4217,balanced
1784612878,4.28,12.84,1612,4527,60.0,46.0,Not charging,100,0.00,1,9816,4217,balanced
1784612879,3.24,9.98,1088,3397,49.0,46.0,Not charging,100,0.00,1,9816,4217,balanced
1784612880,3.41,11.72,1155,4424,62.0,46.0,Not charging,100,0.00,1,9816,4217,balanced
1784612881,3.52,11.15,1097,3989,47.0,46.0,Not charging,100,0.00,1,9816,4217,balanced
1784612882,4.95,12.96,2186,3800,69.0,46.0,Not charging,100,0.00,1,9816,4217,balanced
1784612883,3.75,11.52,1467,4522,57.0,46.0,Not charging,100,0.00,1,9816,4217,balanced
1784612884,4.02,11.90,960,4468,46.0,46.0,Not charging,100,0.00,1,9816,4217,balanced
1784612886,3.41,11.12,1038,3574,45.0,46.0,Not charging,100,0.00,1,9816,4217,balanced
1784612887,3.27,10.57,1151,3101,45.0,46.0,Not charging,100,0.00,1,9816,4217,balanced
1784612888,3.06,10.71,1856,4491,62.0,45.0,Not charging,100,0.00,1,9816,4217,balanced
1784612889,3.82,11.71,1434,4296,54.0,45.0,Not charging,100,0.00,1,9816,4217,balanced
1784612890,3.11,10.83,1086,4515,61.0,45.0,Not charging,100,0.00,1,9816,4217,balanced
1784612891,3.51,10.88,1281,4527,65.0,45.0,Not charging,100,0.00,1,9816,4217,balanced
1784612892,3.32,10.63,873,4562,60.0,45.0,Not charging,100,0.00,1,9816,4217,balanced
1784612893,3.48,11.45,1178,4436,53.0,45.0,Not charging,100,0.00,1,9816,4217,balanced
1784612894,3.91,12.24,1549,4565,54.0,45.0,Not charging,100,0.00,1,9816,4217,balanced
1784612895,3.09,10.53,1243,4539,53.0,45.0,Not charging,100,0.00,1,9816,4217,balanced
1784612896,3.12,10.66,1589,4433,48.0,45.0,Not charging,100,0.00,1,9816,4217,balanced
1784612897,3.18,10.85,1144,4505,46.0,45.0,Not charging,100,0.00,1,9816,4217,balanced
1784612898,3.73,12.31,1298,4514,50.0,45.0,Not charging,100,0.00,1,9816,4217,balanced
1784612899,3.08,10.64,1130,4513,52.0,44.0,Not charging,100,0.00,1,9816,4217,balanced
1784612900,3.56,12.02,1298,4484,64.0,44.0,Not charging,100,0.00,1,9816,4217,balanced
1784612901,3.21,10.86,1299,3930,50.0,44.0,Not charging,100,0.00,1,9816,4217,balanced
1784612902,3.07,10.67,1455,3372,44.0,44.0,Not charging,100,0.00,1,9816,4217,balanced
1784612903,3.55,11.39,1253,4000,52.0,44.0,Not charging,100,0.00,1,9816,4217,balanced
1784612904,3.98,12.08,1072,4484,62.0,44.0,Not charging,100,0.00,1,9816,4217,balanced
1784612905,3.26,11.08,1697,4561,58.0,44.0,Not charging,100,0.00,1,9816,4217,balanced
1784612906,3.46,11.53,1808,4639,55.0,44.0,Not charging,100,0.00,1,9816,4217,balanced
1784612907,3.43,11.49,962,4494,50.0,44.0,Not charging,100,0.00,1,9816,4217,balanced
1784612908,3.80,12.17,1075,4632,61.0,44.0,Not charging,100,0.00,1,9816,4217,balanced
1784612910,3.38,11.92,1695,4524,52.0,43.0,Not charging,100,0.00,1,9816,4217,balanced
1784612911,3.30,11.10,892,4494,53.0,43.0,Not charging,100,0.00,1,9816,4217,balanced
1784612912,2.97,10.64,1667,4573,57.0,43.0,Not charging,100,0.00,1,9816,4217,balanced
1784612913,3.17,11.00,1194,4544,51.0,43.0,Not charging,100,0.00,1,9816,4217,balanced
1784612914,3.04,11.24,1566,3398,43.0,43.0,Not charging,100,0.00,1,9816,4217,balanced
1784612915,3.06,10.65,1238,4450,62.0,43.0,Not charging,100,0.00,1,9816,4217,balanced
1784612916,3.30,12.58,1610,4600,54.0,43.0,Not charging,100,0.00,1,9816,4217,balanced
1784612917,3.29,11.91,1083,4528,59.0,43.0,Not charging,100,0.00,1,9816,4217,balanced
1784612918,3.62,11.65,3152,4489,54.0,43.0,Not charging,100,0.00,1,9816,4217,balanced
1784612919,4.29,12.27,1195,4535,54.0,43.0,Not charging,100,0.00,1,9816,4217,balanced
1784612920,8.14,18.77,2121,4600,48.0,43.0,Not charging,100,0.00,1,9816,4217,balanced
1784612921,10.58,21.58,1486,3570,54.0,43.0,Not charging,100,0.00,1,9816,4217,balanced
1784612922,10.41,31.66,1800,4455,57.0,43.0,Not charging,100,0.00,1,9816,4217,balanced
1784612923,17.83,41.11,2928,3800,63.0,43.0,Not charging,100,0.00,1,9816,4217,balanced
1784612924,11.25,31.55,1544,4029,50.0,42.0,Not charging,100,0.00,1,9816,4217,balanced
1784612925,6.69,24.63,1375,3758,56.0,42.0,Discharging,100,0.02,1,9816,4217,balanced
1784612926,5.30,21.48,1546,4432,62.0,42.0,Not charging,100,0.00,1,9816,4217,balanced
1784612927,7.90,25.77,3010,3800,65.0,42.0,Not charging,100,0.00,1,9816,4217,balanced
1784612928,14.26,35.63,1443,3431,47.0,42.0,Not charging,100,0.00,1,9816,4217,balanced
1784612929,8.66,27.03,2122,4405,55.0,42.0,Not charging,100,0.00,1,9816,4217,balanced
1784612930,10.55,29.55,2157,4473,65.0,42.0,Not charging,100,0.00,1,9816,4217,balanced
1784612931,13.00,32.47,2006,2932,54.0,42.0,Not charging,100,0.00,1,9816,4217,balanced
1784612932,12.13,32.64,2074,3277,48.0,42.0,Discharging,100,0.10,1,9816,4217,balanced
1784612933,11.42,31.07,2372,3970,57.0,42.0,Not charging,100,0.00,1,9816,4217,balanced
1784612935,10.81,25.34,1719,4492,47.0,42.0,Not charging,100,0.00,1,9816,4217,balanced
1784612936,10.65,23.65,1238,2410,44.0,42.0,Not charging,100,0.00,1,9816,4217,balanced
1784612937,10.92,24.54,2172,4491,50.0,42.0,Not charging,100,0.00,1,9816,4217,balanced
1784612938,10.61,23.98,1872,3777,48.0,43.0,Not charging,100,0.00,1,9816,4217,balanced
1784612939,10.39,24.14,974,2357,43.0,43.0,Not charging,100,0.00,1,9816,4217,balanced
1784612940,10.49,24.07,1195,3400,47.0,43.0,Not charging,100,0.00,1,9816,4217,balanced
1784612941,11.02,25.13,1288,2166,48.0,43.0,Not charging,100,0.00,1,9816,4217,balanced
1784612942,10.32,23.73,1612,4596,65.0,43.0,Not charging,100,0.00,1,9816,4217,balanced
1784612943,10.55,23.81,1801,4204,45.0,43.0,Not charging,100,0.00,1,9816,4217,balanced
1784612944,21.56,41.78,1982,3978,48.0,43.0,Not charging,100,0.00,1,9816,4217,balanced
1784612945,15.57,27.93,1956,3739,52.0,43.0,Discharging,100,0.07,1,9816,4217,balanced
1784612946,10.90,21.14,1510,3404,56.0,43.0,Not charging,100,0.00,1,9816,4217,balanced
1784612947,10.43,20.24,2157,4317,47.0,43.0,Not charging,100,0.00,1,9816,4217,balanced
1784612948,15.11,26.62,1946,4516,59.0,43.0,Not charging,100,0.00,1,9816,4217,balanced
1784612949,11.95,22.55,1978,2878,60.0,43.0,Not charging,100,0.00,1,9816,4217,balanced
1784612950,12.60,22.72,2145,4600,52.0,43.0,Not charging,100,0.00,1,9816,4217,balanced
1784612951,13.91,24.24,2204,3958,60.0,43.0,Not charging,100,0.00,1,9821,4218,balanced
1784612952,13.28,23.80,1978,3800,57.0,43.0,Not charging,100,0.00,1,9821,4218,balanced
1784612953,14.82,26.74,1822,4097,61.0,43.0,Not charging,100,0.00,1,9821,4218,balanced
1784612954,11.28,22.54,1830,3676,47.0,43.0,Not charging,100,0.00,1,9821,4218,balanced
1784612955,4.87,12.72,1807,3545,63.0,43.0,Not charging,100,0.00,1,9821,4218,balanced
1784612956,12.96,23.79,2166,3938,62.0,43.0,Not charging,100,0.00,1,9821,4218,balanced
1784612958,20.95,33.94,1231,4469,66.0,43.0,Not charging,100,0.00,1,9825,4219,balanced
1784612959,10.85,20.62,2099,4259,52.0,43.0,Not charging,100,0.00,1,9825,4219,balanced
1784612960,13.15,23.54,1659,3350,48.0,43.0,Not charging,100,0.00,1,9825,4219,balanced
1784612961,13.47,24.39,1376,3875,47.0,43.0,Not charging,100,0.00,1,9825,4219,balanced
1784612962,13.22,24.69,3193,3800,78.0,43.0,Not charging,100,0.00,1,9825,4219,balanced
1784612963,12.04,22.34,1337,3400,50.0,43.0,Discharging,100,0.09,1,9825,4219,balanced
1784612964,9.74,18.91,1874,2645,47.0,43.0,Not charging,100,0.00,1,9825,4219,balanced
1784612965,10.44,20.24,1342,3398,51.0,44.0,Not charging,100,0.00,1,9825,4219,balanced
1784612966,10.82,20.83,1232,3174,46.0,44.0,Not charging,100,0.00,1,9825,4219,balanced
1784612967,15.92,27.19,1692,3988,56.0,44.0,Not charging,100,0.00,1,9825,4219,balanced
1784612968,10.43,20.66,944,2779,61.0,44.0,Not charging,100,0.00,1,9825,4219,balanced
1784612969,10.99,20.70,1027,3400,47.0,44.0,Not charging,100,0.00,1,9825,4219,balanced
1784612970,14.14,25.68,2208,3936,52.0,44.0,Not charging,100,0.00,1,9825,4219,balanced
1784612971,13.33,25.49,1394,4336,52.0,44.0,Discharging,100,0.03,1,9825,4219,balanced
1784612972,10.82,21.24,1123,3963,48.0,44.0,Discharging,100,0.02,1,9825,4219,balanced
1784612973,15.35,26.64,1873,4700,47.0,44.0,Not charging,100,0.00,1,9825,4219,balanced
1784612974,14.65,26.26,1266,3401,47.0,44.0,Not charging,100,0.00,1,9825,4219,balanced
1784612975,11.29,21.79,1249,3355,49.0,44.0,Not charging,100,0.00,1,9825,4219,balanced
1784612976,5.85,13.99,2146,3982,49.0,44.0,Not charging,100,0.00,1,9825,4219,balanced
1784612977,10.21,19.40,1955,3976,65.0,44.0,Not charging,100,0.00,1,9825,4219,balanced
1784612978,6.86,15.45,1292,4501,61.0,44.0,Not charging,100,0.00,1,9825,4219,balanced
1784612979,5.88,13.81,1613,3425,55.0,44.0,Not charging,100,0.00,1,9825,4219,balanced
1784612980,9.86,19.40,2047,4295,48.0,44.0,Not charging,100,0.00,1,9825,4219,balanced
1784612982,9.98,19.87,1836,3973,55.0,44.0,Not charging,100,0.00,1,9825,4219,balanced
1784612983,9.25,18.84,2158,4390,52.0,44.0,Not charging,100,0.00,1,9825,4219,balanced
1784612984,10.10,19.44,2325,4000,69.0,44.0,Not charging,100,0.00,1,9825,4219,balanced
1784612985,13.37,23.99,3054,3856,74.0,44.0,Not charging,100,0.00,1,9825,4219,balanced
1784612986,17.28,29.25,2858,4000,65.0,44.0,Discharging,100,0.04,1,9825,4219,balanced
1784612987,12.92,23.63,1492,4492,59.0,44.0,Not charging,100,0.00,1,9825,4219,balanced
1784612988,13.17,23.52,912,3400,49.0,44.0,Discharging,100,0.02,1,9825,4219,balanced
1784612989,17.09,29.06,1235,3320,47.0,44.0,Not charging,100,0.00,1,9825,4219,balanced
1784612990,9.92,19.31,1210,3123,54.0,44.0,Not charging,100,0.00,1,9825,4219,balanced
1784612991,13.85,24.27,1888,3374,50.0,44.0,Not charging,100,0.00,1,9825,4219,balanced
1784612992,13.86,24.58,1050,3403,48.0,44.0,Not charging,100,0.00,1,9825,4219,balanced
1784612993,7.82,17.29,2129,4430,63.0,44.0,Discharging,100,0.02,1,9825,4219,balanced
1784612994,13.48,24.20,2387,3800,58.0,44.0,Not charging,100,0.00,1,9825,4219,balanced
1784612995,9.14,18.79,2212,4506,50.0,44.0,Discharging,100,0.03,1,9825,4219,balanced
1784612996,8.40,17.92,1468,3400,49.0,44.0,Not charging,100,0.00,1,9825,4219,balanced
1784612997,6.74,15.18,1566,3837,45.0,44.0,Not charging,100,0.00,1,9825,4219,balanced
1784612998,13.01,24.05,1325,2793,48.0,44.0,Not charging,100,0.00,1,9825,4219,balanced
1784612999,9.90,19.90,1648,4603,47.0,44.0,Not charging,100,0.00,1,9825,4219,balanced
1784613000,8.11,16.27,1039,1783,43.0,44.0,Not charging,100,0.00,1,9825,4219,balanced
1784613001,5.17,12.92,1444,2941,43.0,44.0,Not charging,100,0.00,1,9825,4219,balanced
1784613002,5.29,13.33,1133,3399,47.0,44.0,Not charging,100,0.00,1,9825,4219,balanced
1784613004,5.66,14.47,1514,3397,48.0,44.0,Not charging,100,0.00,1,9825,4219,balanced
1784613005,11.63,32.57,1596,4170,47.0,44.0,Not charging,100,0.00,1,9825,4219,balanced
1784613006,14.46,34.99,1212,2875,47.0,44.0,Not charging,100,0.00,1,9825,4219,balanced
1784613007,5.61,22.17,1011,2112,43.0,44.0,Not charging,100,0.00,1,9825,4219,balanced
1784613008,5.70,22.26,1200,4579,43.0,44.0,Not charging,100,0.00,1,9825,4219,balanced
1784613009,5.42,21.86,707,2176,44.0,44.0,Not charging,100,0.00,1,9825,4219,balanced
1784613010,5.91,22.31,873,2839,42.0,44.0,Not charging,100,0.00,1,9825,4219,balanced
1784613011,5.86,22.65,658,2615,46.0,44.0,Not charging,100,0.00,1,9825,4219,balanced
1784613012,5.56,22.10,736,1780,42.0,44.0,Not charging,100,0.00,1,9825,4219,balanced
1784613013,5.60,22.00,919,3024,45.0,44.0,Not charging,100,0.00,1,9825,4219,balanced
1784613014,5.64,22.16,1827,4330,53.0,44.0,Not charging,100,0.00,1,9825,4219,balanced
1784613015,6.10,23.17,1955,4580,61.0,44.0,Not charging,100,0.00,1,9825,4219,balanced
1784613016,5.58,22.16,1845,4515,70.0,44.0,Not charging,100,0.00,1,9825,4219,balanced
1784613017,5.19,17.40,1646,4509,67.0,44.0,Not charging,100,0.00,1,9825,4219,balanced
1784613018,5.79,17.07,1674,3353,47.0,44.0,Not charging,100,0.00,1,9825,4219,balanced
1784613019,5.72,16.89,1500,4471,57.0,44.0,Not charging,100,0.00,1,9825,4219,balanced
1784613020,5.59,16.02,1854,4528,66.0,44.0,Not charging,100,0.00,1,9825,4219,balanced
1784613021,5.68,16.08,1627,3382,47.0,44.0,Not charging,100,0.00,1,9825,4219,balanced
1784613022,6.91,19.33,1039,2767,50.0,44.0,Not charging,100,0.00,1,9825,4219,balanced
1784613023,5.95,19.03,1947,4105,47.0,44.0,Not charging,100,0.00,1,9825,4219,balanced
1784613024,9.12,23.57,2122,3886,52.0,44.0,Not charging,100,0.00,1,9825,4219,balanced
1784613026,9.40,23.80,914,2788,42.0,44.0,Not charging,100,0.00,1,9827,4220,balanced
1784613027,11.82,27.69,825,2117,44.0,44.0,Discharging,100,0.07,1,9827,4220,balanced
1784613028,4.20,12.39,1326,4447,56.0,44.0,Not charging,100,0.00,1,9827,4220,balanced
1784613029,4.59,12.95,1371,4540,57.0,44.0,Not charging,100,0.00,1,9827,4220,balanced
1784613030,3.26,10.86,1173,4494,60.0,44.0,Not charging,100,0.00,1,9827,4220,balanced
1784613031,3.25,10.71,1458,4512,65.0,44.0,Not charging,100,0.00,1,9827,4220,balanced
1784613032,3.18,11.08,1182,4600,52.0,44.0,Not charging,100,0.00,1,9827,4220,balanced
1784613033,3.11,10.77,1132,3429,47.0,44.0,Not charging,100,0.00,1,9827,4220,balanced
1784613034,3.43,11.90,1005,4532,64.0,44.0,Not charging,100,0.00,1,9827,4220,balanced
1784613035,8.02,27.36,1434,4514,61.0,44.0,Not charging,100,0.00,1,9827,4220,balanced
1784613036,16.47,40.71,1608,3803,65.0,44.0,Not charging,100,0.00,1,9827,4220,balanced
1784613037,4.84,23.27,1298,3149,44.0,44.0,Not charging,100,0.00,1,9827,4220,balanced
1784613038,4.43,22.61,1792,4598,64.0,44.0,Not charging,100,0.00,1,9827,4220,balanced
1784613039,4.38,21.89,1658,4448,59.0,44.0,Not charging,100,0.00,1,9827,4220,balanced
1784613040,4.60,22.09,1060,4573,55.0,44.0,Not charging,100,0.00,1,9827,4220,balanced
1784613041,4.38,21.71,1230,4527,56.0,44.0,Not charging,100,0.00,1,9827,4220,balanced
1784613042,4.09,21.21,1928,4443,64.0,44.0,Not charging,100,0.00,1,9827,4220,balanced
1784613043,4.39,22.04,1257,4535,60.0,44.0,Not charging,100,0.00,1,9827,4220,balanced
1784613044,9.58,29.74,1658,3698,48.0,44.0,Not charging,100,0.00,1,9828,4221,balanced
1784613045,7.39,26.68,1190,3388,47.0,44.0,Not charging,100,0.00,1,9828,4221,balanced
1784613046,4.86,23.21,1580,4137,55.0,44.0,Not charging,100,0.00,1,9828,4221,balanced
1784613047,6.39,22.54,1278,4285,60.0,44.0,Not charging,100,0.00,1,9828,4221,balanced
1784613048,3.54,15.40,1432,4529,55.0,44.0,Not charging,100,0.00,1,9828,4221,balanced
1784613050,3.70,15.24,1446,3840,46.0,44.0,Not charging,100,0.00,1,9828,4221,balanced
1784613051,3.53,14.98,1217,4478,53.0,44.0,Not charging,100,0.00,1,9828,4221,balanced
1784613052,3.53,15.00,958,3400,48.0,44.0,Not charging,100,0.00,1,9828,4221,balanced
1784613053,3.58,15.15,1463,4470,69.0,44.0,Not charging,100,0.00,1,9828,4221,balanced
1784613054,4.33,16.92,1169,4542,48.0,44.0,Not charging,100,0.00,1,9828,4221,balanced
1784613055,3.58,15.16,1524,4478,51.0,44.0,Not charging,100,0.00,1,9828,4221,balanced
1784613056,3.54,15.10,1324,4523,49.0,44.0,Not charging,100,0.00,1,9828,4221,balanced
1784613057,11.37,28.18,1143,3426,61.0,44.0,Not charging,100,0.00,1,9828,4221,balanced
1784613058,3.07,10.97,1812,3835,48.0,44.0,Not charging,100,0.00,1,9828,4221,balanced
1784613059,3.13,10.64,1363,4477,43.0,43.0,Not charging,100,0.00,1,9828,4221,balanced
1784613060,2.95,10.79,1111,3973,54.0,43.0,Not charging,100,0.00,1,9828,4221,balanced
1784613061,3.12,11.36,1089,4125,47.0,43.0,Not charging,100,0.00,1,9828,4221,balanced
1784613062,3.40,11.90,1504,4542,54.0,43.0,Not charging,100,0.00,1,9828,4221,balanced
1784613063,2.90,10.50,1330,4479,54.0,43.0,Not charging,100,0.00,1,9828,4221,balanced
1784613064,3.09,11.27,1091,4455,52.0,43.0,Not charging,100,0.00,1,9828,4221,balanced
1784613065,9.62,20.24,2231,4603,69.0,43.0,Not charging,100,0.00,1,9828,4221,balanced
1784613066,13.22,24.82,1914,4570,57.0,43.0,Not charging,100,0.00,1,9828,4221,balanced
1784613067,5.09,14.00,1300,4489,55.0,43.0,Not charging,100,0.00,1,9828,4221,balanced
1784613068,5.30,14.41,1843,4615,64.0,43.0,Not charging,100,0.00,1,9828,4221,balanced
1784613069,28.05,46.55,2953,3800,68.0,43.0,Not charging,100,0.00,1,9830,4222,balanced
1784613070,32.05,53.01,2223,4024,72.0,43.0,Discharging,100,0.15,1,9835,4224,balanced
1784613071,17.83,33.52,2627,4428,55.0,43.0,Not charging,100,0.00,1,9856,4226,balanced
1784613072,8.66,20.06,2072,4619,91.0,43.0,Discharging,100,0.03,1,9857,4227,balanced
1784613073,30.80,52.46,2563,3800,61.0,43.0,Discharging,100,0.51,1,9872,4231,balanced
1784613075,13.09,26.72,1703,3400,52.0,43.0,Discharging,100,0.51,1,9872,4231,balanced
1784613076,9.01,21.12,1574,3958,47.0,43.0,Not charging,100,0.00,1,9872,4231,balanced
1784613077,11.95,25.75,950,2068,46.0,43.0,Not charging,100,0.00,1,9872,4231,balanced
1784613078,5.97,17.73,1030,3733,45.0,43.0,Not charging,100,0.00,1,9872,4231,balanced
1784613079,8.44,20.39,1965,4364,51.0,43.0,Not charging,100,0.00,1,9872,4231,balanced
1784613080,6.12,17.77,1935,4108,59.0,43.0,Discharging,100,0.04,1,9872,4231,balanced
1784613081,12.86,26.98,1697,4000,71.0,43.0,Not charging,100,0.00,1,9872,4231,balanced
1784613082,6.23,17.70,1510,4600,58.0,43.0,Not charging,100,0.00,1,9872,4231,balanced
1784613083,5.70,17.12,2214,3756,53.0,43.0,Not charging,100,0.00,1,9872,4231,balanced
1784613084,5.60,16.90,2655,3956,58.0,43.0,Not charging,100,0.00,1,9872,4231,balanced
1784613085,5.07,16.25,1136,3383,43.0,43.0,Not charging,100,0.00,1,9872,4231,balanced
1784613086,3.76,14.03,1341,4494,56.0,43.0,Not charging,100,0.00,1,9872,4231,balanced
1784613087,6.55,18.13,1100,1903,43.0,43.0,Discharging,100,0.06,1,9872,4231,balanced
1784613088,4.45,15.24,2021,3800,53.0,43.0,Not charging,100,0.00,1,9872,4231,balanced
1784613089,5.97,15.65,1310,3210,44.0,43.0,Not charging,100,0.00,1,9872,4231,balanced
1784613090,7.18,16.88,3266,3800,58.0,44.0,Not charging,100,0.00,1,9872,4231,balanced
1784613091,8.30,18.09,2266,4120,52.0,44.0,Not charging,100,0.00,1,9872,4231,balanced
1784613092,5.18,13.90,2150,4509,58.0,44.0,Discharging,100,0.02,1,9872,4231,balanced
1784613093,16.98,29.51,2095,3951,61.0,44.0,Not charging,100,0.00,1,9883,4231,balanced
1784613094,16.35,28.83,1661,4192,96.0,44.0,Not charging,100,0.00,1,9901,4231,balanced
1784613095,11.86,22.86,1493,3399,47.0,44.0,Discharging,100,0.02,1,9924,4232,balanced
1784613096,6.60,15.92,1756,3656,47.0,44.0,Discharging,100,0.02,1,9924,4232,balanced
1784613098,5.34,14.24,1835,4258,49.0,44.0,Not charging,100,0.00,1,9924,4232,balanced
1784613099,5.43,14.27,1231,3546,50.0,44.0,Not charging,100,0.00,1,9924,4232,balanced
1784613100,7.55,18.11,1852,3907,56.0,44.0,Not charging,100,0.00,1,9924,4232,balanced
1784613101,6.63,16.88,1476,4539,45.0,44.0,Not charging,100,0.00,1,9924,4232,balanced
1784613102,4.44,14.27,836,3542,46.0,44.0,Not charging,100,0.00,1,9924,4232,balanced
1784613103,11.25,26.26,1607,3146,48.0,44.0,Discharging,100,0.13,1,9924,4232,balanced
1784613104,11.85,26.83,1113,4605,85.0,44.0,Not charging,100,0.00,1,9924,4232,balanced
1784613105,6.49,18.39,1257,4412,43.0,44.0,Not charging,100,0.00,1,9924,4232,balanced
1784613106,3.99,15.09,1428,4674,44.0,44.0,Not charging,100,0.00,1,9924,4232,balanced
1784613107,8.09,20.23,1072,2822,43.0,44.0,Not charging,100,0.00,1,9924,4232,balanced
1784613108,5.51,15.29,961,3406,49.0,44.0,Not charging,100,0.00,1,9924,4232,balanced
1784613109,7.53,18.13,1567,3999,54.0,44.0,Not charging,100,0.00,1,9924,4232,balanced
1784613110,6.69,18.53,1028,2398,45.0,44.0,Not charging,100,0.00,1,9924,4232,balanced
1784613111,5.58,16.69,1596,4386,43.0,44.0,Not charging,100,0.00,1,9924,4232,balanced
1784613112,7.37,20.06,854,1646,43.0,44.0,Not charging,100,0.00,1,9924,4232,balanced
1784613113,5.21,16.53,1814,3879,44.0,44.0,Not charging,100,0.00,1,9924,4232,balanced
1784613114,9.23,21.87,2174,3327,46.0,44.0,Not charging,100,0.00,1,9924,4232,balanced
1784613115,5.69,15.49,883,3387,44.0,44.0,Not charging,100,0.00,1,9924,4232,balanced
1784613116,5.39,15.23,997,1746,42.0,44.0,Not charging,100,0.00,1,9924,4232,balanced
1784613117,6.57,16.39,1036,3274,42.0,44.0,Not charging,100,0.00,1,9924,4232,balanced
1784613119,4.42,13.53,1067,1811,42.0,44.0,Not charging,100,0.00,1,9924,4232,balanced
1784613120,4.59,13.44,2023,4619,50.0,44.0,Not charging,100,0.00,1,9924,4232,balanced
1784613121,8.43,19.36,1561,3409,45.0,44.0,Not charging,100,0.00,1,9924,4232,balanced
1784613122,5.13,14.39,999,2946,43.0,44.0,Not charging,100,0.00,1,9924,4232,balanced
1784613123,5.95,15.77,859,2313,41.0,43.0,Not charging,100,0.00,1,9924,4232,balanced
1784613124,4.84,14.56,562,1949,41.0,43.0,Not charging,100,0.00,1,9924,4232,balanced
1784613125,3.41,12.46,737,3343,44.0,43.0,Not charging,100,0.00,1,9924,4232,balanced
1784613126,4.43,13.31,915,2619,41.0,43.0,Not charging,100,0.00,1,9924,4232,balanced
1784613127,8.24,19.39,758,3392,47.0,43.0,Not charging,100,0.00,1,9924,4232,balanced
1784613128,4.13,13.34,678,2470,41.0,43.0,Not charging,100,0.00,1,9924,4232,balanced
1784613129,3.74,12.62,706,2469,41.0,43.0,Not charging,100,0.00,1,9924,4232,balanced
1784613130,3.92,12.63,756,2820,41.0,43.0,Not charging,100,0.00,1,9924,4232,balanced
1784613131,9.67,20.92,2557,3800,90.0,43.0,Not charging,100,0.00,1,9932,4235,balanced
1784613132,24.38,42.29,2040,3800,68.0,43.0,Not charging,100,0.00,1,9932,4235,balanced
1784613133,25.77,43.59,1501,4304,96.0,43.0,Not charging,100,0.00,1,9945,4248,balanced
1784613134,31.58,51.56,3033,4059,82.0,43.0,Discharging,100,0.04,1,9946,4249,balanced
1784613135,29.75,48.08,1938,4302,90.0,43.0,Not charging,100,0.00,1,9966,4265,balanced
1784613136,14.57,27.66,667,3370,45.0,43.0,Not charging,100,0.00,1,9969,4267,balanced
1784613137,4.92,13.46,1423,3380,44.0,43.0,Not charging,100,0.00,1,9969,4267,balanced
1784613138,4.45,13.76,1997,3609,44.0,43.0,Not charging,100,0.00,1,9969,4267,balanced
1784613139,5.03,14.50,690,2535,42.0,43.0,Not charging,100,0.00,1,9969,4267,balanced
1784613141,5.05,14.16,1145,2413,41.0,43.0,Not charging,100,0.00,1,9969,4267,balanced
1784613142,4.26,12.92,1070,2731,42.0,43.0,Not charging,100,0.00,1,9969,4267,balanced
1784613143,6.56,16.25,838,3399,44.0,43.0,Not charging,100,0.00,1,9969,4267,balanced
1784613144,14.68,28.04,3202,3800,92.0,43.0,Not charging,100,0.00,1,9980,4277,balanced
1784613145,28.73,48.20,2548,3977,64.0,43.0,Not charging,100,0.00,1,9984,4281,balanced
1784613146,20.90,39.54,2275,3602,51.0,43.0,Discharging,100,0.11,1,9984,4281,balanced
1784613147,23.28,43.32,1806,3520,61.0,43.0,Not charging,100,0.00,1,9984,4281,balanced
1784613148,23.59,42.84,2459,4055,58.0,43.0,Not charging,100,0.00,1,9984,4281,balanced
1784613149,22.33,38.88,1504,3353,55.0,43.0,Discharging,100,0.04,1,9988,4281,balanced
1784613150,28.62,46.28,2149,3609,76.0,43.0,Not charging,100,0.00,1,10005,4287,balanced
1784613151,32.27,52.79,2878,3800,80.0,44.0,Not charging,100,0.25,1,10009,4287,balanced
1784613152,34.35,54.84,2525,3718,65.0,44.0,Discharging,100,0.25,1,10011,4288,balanced
1784613153,28.42,47.73,917,2997,54.0,44.0,Discharging,100,0.46,1,10021,4293,balanced
1784613154,3.46,12.23,881,2510,45.0,44.0,Not charging,100,0.00,1,10021,4293,balanced
1784613155,7.76,18.29,991,2492,45.0,44.0,Not charging,100,0.00,1,10021,4293,balanced
1784613156,6.08,15.22,1081,3400,46.0,44.0,Not charging,100,0.00,1,10021,4293,balanced
1784613157,3.45,11.86,591,1896,44.0,44.0,Not charging,100,0.00,1,10021,4293,balanced
1784613158,2.75,10.72,504,1700,44.0,44.0,Not charging,100,0.00,1,10021,4293,balanced
1784613159,2.85,11.13,660,1696,42.0,44.0,Not charging,100,0.00,1,10021,4293,balanced
1784613160,3.38,11.60,750,2722,42.0,44.0,Not charging,100,0.00,1,10021,4293,balanced
1784613162,3.24,11.24,571,2374,42.0,44.0,Not charging,100,0.00,1,10021,4293,balanced
1784613163,2.76,10.62,601,2070,44.0,45.0,Not charging,100,0.00,1,10021,4293,balanced
1784613164,2.92,10.89,1351,2824,49.0,45.0,Not charging,100,0.00,1,10021,4293,balanced
1784613165,5.69,14.84,595,2898,42.0,45.0,Not charging,100,0.00,1,10025,4293,balanced
1784613166,3.25,11.33,591,1764,42.0,45.0,Not charging,100,0.00,1,10025,4293,balanced
1784613167,3.53,11.73,657,2561,41.0,45.0,Not charging,100,0.00,1,10025,4293,balanced
1784613168,3.52,11.82,680,3395,42.0,45.0,Not charging,100,0.00,1,10025,4293,balanced
1784613169,4.81,14.21,1028,3379,45.0,45.0,Not charging,100,0.00,1,10025,4293,balanced
1784613170,4.04,12.95,532,1600,42.0,45.0,Not charging,100,0.00,1,10025,4293,balanced
1784613171,3.51,11.80,839,2839,45.0,45.0,Not charging,100,0.00,1,10025,4293,balanced
1784613172,3.95,12.33,682,2290,42.0,45.0,Not charging,100,0.00,1,10025,4293,balanced
1784613173,3.76,12.55,542,1886,41.0,45.0,Not charging,100,0.00,1,10025,4293,balanced
1784613174,3.34,12.17,588,1700,41.0,44.0,Not charging,100,0.00,1,10025,4293,balanced
1784613175,3.74,13.00,748,3044,41.0,44.0,Not charging,100,0.00,1,10025,4293,balanced
1784613176,3.30,11.41,653,1600,41.0,44.0,Not charging,100,0.00,1,10025,4293,balanced
1784613177,3.81,12.16,865,3272,45.0,44.0,Not charging,100,0.00,1,10025,4293,balanced
1784613178,3.54,11.71,526,2005,41.0,44.0,Not charging,100,0.00,1,10025,4293,balanced
1784613179,3.05,11.03,696,3399,41.0,44.0,Not charging,100,0.00,1,10025,4293,balanced
1784613181,3.99,12.38,627,3398,43.0,44.0,Not charging,100,0.00,1,10025,4293,balanced
1784613182,3.88,12.20,674,2929,42.0,44.0,Not charging,100,0.00,1,10025,4293,balanced
1784613183,5.29,14.82,715,2976,41.0,44.0,Not charging,100,0.00,1,10025,4293,balanced
1784613184,4.72,14.00,1553,3911,43.0,44.0,Not charging,100,0.00,1,10025,4293,balanced
1784613185,7.04,17.45,913,3400,45.0,44.0,Not charging,100,0.00,1,10025,4293,balanced
1784613186,3.70,12.59,1311,2872,43.0,44.0,Discharging,100,0.07,1,10025,4293,balanced
1784613187,6.09,16.22,1012,3404,41.0,44.0,Not charging,100,0.00,1,10025,4293,balanced
1784613188,3.45,11.72,2660,4000,47.0,44.0,Not charging,100,0.00,1,10025,4293,balanced
1784613189,4.37,13.78,964,3307,41.0,43.0,Not charging,100,0.00,1,10025,4293,balanced
1784613190,3.14,11.25,788,1705,41.0,43.0,Not charging,100,0.00,1,10025,4293,balanced
1784613191,3.14,11.36,958,3400,44.0,43.0,Not charging,100,0.00,1,10025,4293,balanced
1784613192,2.76,10.63,745,3349,41.0,43.0,Not charging,100,0.00,1,10025,4293,balanced
1784613193,3.09,11.18,847,2807,41.0,43.0,Not charging,100,0.00,1,10025,4293,balanced
1784613194,4.01,13.63,802,1588,40.0,43.0,Not charging,100,0.00,1,10025,4293,balanced
1784613195,3.76,12.34,654,1651,41.0,43.0,Not charging,100,0.00,1,10025,4293,balanced
1784613196,2.98,11.31,718,3158,40.0,43.0,Not charging,100,0.00,1,10025,4293,balanced
1784613197,3.53,14.12,816,2033,41.0,43.0,Not charging,100,0.00,1,10025,4293,balanced
1784613198,5.94,16.98,1055,1705,41.0,43.0,Not charging,100,0.00,1,10025,4293,balanced
1784613200,4.13,13.90,636,2308,40.0,43.0,Not charging,100,0.00,1,10025,4293,balanced
1784613201,4.35,14.02,654,1600,41.0,43.0,Not charging,100,0.00,1,10025,4293,balanced
1784613202,3.92,12.72,999,3362,41.0,43.0,Not charging,100,0.00,1,10025,4293,balanced
1784613203,4.13,12.94,948,2071,40.0,43.0,Not charging,100,0.00,1,10025,4293,balanced
1784613204,4.59,13.50,1099,3510,41.0,43.0,Not charging,100,0.00,1,10025,4293,balanced
1784613205,4.39,13.16,529,1612,40.0,43.0,Not charging,100,0.00,1,10025,4293,balanced
1784613206,3.93,12.54,804,1969,39.0,43.0,Not charging,100,0.00,1,10025,4293,balanced
1784613207,3.99,13.32,1168,3356,43.0,43.0,Not charging,100,0.00,1,10025,4293,balanced
1784613208,4.55,14.34,936,1702,40.0,43.0,Not charging,100,0.00,1,10025,4293,balanced
1784613209,5.39,15.15,912,1743,40.0,43.0,Not charging,100,0.00,1,10025,4293,balanced
1784613210,4.85,14.28,888,1807,40.0,43.0,Not charging,100,0.00,1,10025,4293,balanced
1784613211,6.93,17.40,2274,4700,46.0,43.0,Not charging,100,0.00,1,10025,4293,balanced
1784613212,8.14,18.98,753,2231,42.0,43.0,Not charging,100,0.00,1,10025,4293,balanced
1784613213,5.05,14.25,1146,1700,40.0,43.0,Not charging,100,0.00,1,10025,4293,balanced
1784613214,5.08,12.64,862,1672,41.0,43.0,Not charging,100,0.00,1,10025,4293,balanced
1784613215,4.01,10.54,1048,3390,41.0,43.0,Not charging,100,0.00,1,10025,4293,balanced
1784613216,3.97,10.72,1007,3401,44.0,43.0,Not charging,100,0.00,1,10025,4293,balanced
1784613217,3.96,9.98,760,1577,40.0,43.0,Not charging,100,0.00,1,10025,4293,balanced
1784613219,4.21,10.51,531,1871,40.0,42.0,Not charging,100,0.00,1,10025,4293,balanced
1784613220,4.22,10.38,763,1712,40.0,42.0,Not charging,100,0.00,1,10025,4293,balanced
1784613221,4.27,10.38,926,1785,40.0,42.0,Not charging,100,0.00,1,10025,4293,balanced
1784613222,4.27,10.66,922,1981,41.0,42.0,Not charging,100,0.00,1,10025,4293,balanced
1784613223,5.15,11.88,682,2383,40.0,42.0,Not charging,100,0.00,1,10025,4293,balanced
1784613224,4.23,10.72,898,2018,40.0,42.0,Not charging,100,0.00,1,10025,4293,balanced
1784613225,4.23,10.72,663,3327,41.0,42.0,Not charging,100,0.00,1,10025,4293,balanced
1784613226,4.21,10.40,797,3352,41.0,42.0,Not charging,100,0.00,1,10025,4293,balanced
1784613227,4.49,10.81,727,1833,38.0,42.0,Not charging,100,0.00,1,10025,4293,balanced
1784613228,4.78,11.78,1055,2679,40.0,42.0,Not charging,100,0.00,1,10025,4293,balanced
1784613229,4.04,10.20,791,3400,41.0,42.0,Not charging,100,0.00,1,10025,4293,balanced
1784613230,3.85,10.23,1304,3422,44.0,42.0,Not charging,100,0.00,1,10025,4293,balanced
1784613231,3.75,9.94,709,2027,41.0,42.0,Not charging,100,0.00,1,10025,4293,balanced
1784613232,4.81,11.82,1249,3400,40.0,42.0,Not charging,100,0.00,1,10025,4293,balanced
1784613233,4.98,11.70,1056,3230,44.0,42.0,Not charging,100,0.00,1,10025,4293,balanced
1784613234,5.46,12.69,877,2306,41.0,42.0,Not charging,100,0.00,1,10025,4293,balanced
1784613235,5.98,13.38,825,1410,40.0,42.0,Not charging,100,0.00,1,10025,4293,balanced
1784613237,4.67,11.44,1914,3516,42.0,42.0,Not charging,100,0.00,1,10025,4293,balanced
1784613238,5.02,11.87,832,3335,41.0,42.0,Not charging,100,0.00,1,10025,4293,balanced
1784613239,6.79,14.62,923,3397,44.0,42.0,Not charging,100,0.00,1,10025,4293,balanced
1784613240,4.10,10.54,2020,3800,43.0,42.0,Not charging,100,0.00,1,10025,4293,balanced
1784613241,4.01,10.13,694,1659,40.0,42.0,Not charging,100,0.00,1,10025,4293,balanced
1784613242,3.71,9.76,1244,4398,53.0,42.0,Not charging,100,0.00,1,10025,4293,balanced
1784613243,4.26,10.55,708,1706,40.0,42.0,Not charging,100,0.00,1,10025,4293,balanced
1784613244,4.39,10.85,1260,3394,40.0,42.0,Not charging,100,0.00,1,10025,4293,balanced
1784613245,4.13,10.29,1317,2402,40.0,41.0,Not charging,100,0.00,1,10025,4293,balanced
1784613246,4.06,10.30,1240,3393,41.0,41.0,Not charging,100,0.00,1,10025,4293,balanced
1784613247,4.15,11.34,1460,3340,46.0,41.0,Not charging,100,0.00,1,10025,4293,balanced
1784613248,5.10,12.35,674,2087,40.0,41.0,Not charging,100,0.00,1,10025,4293,balanced
1784613249,3.90,10.05,941,3400,44.0,41.0,Not charging,100,0.00,1,10025,4293,balanced
1784613250,3.84,9.99,700,2827,39.0,41.0,Not charging,100,0.00,1,10025,4293,balanced
1784613251,3.53,9.39,713,3284,40.0,41.0,Not charging,100,0.00,1,10025,4293,balanced
1784613252,3.79,10.13,863,3335,41.0,41.0,Not charging,100,0.00,1,10025,4293,balanced
1784613253,4.41,11.14,692,1718,40.0,41.0,Not charging,100,0.00,1,10025,4293,balanced
1784613254,5.20,12.63,815,1806,40.0,41.0,Not charging,100,0.00,1,10025,4293,balanced
1784613256,4.46,10.70,763,1786,40.0,41.0,Not charging,100,0.00,1,10025,4293,balanced
1784613257,4.54,11.31,1305,3428,41.0,41.0,Not charging,100,0.00,1,10025,4293,balanced
1784613258,4.03,10.27,852,1802,38.0,41.0,Not charging,100,0.00,1,10025,4293,balanced
1784613259,4.08,10.40,1111,2212,39.0,41.0,Not charging,100,0.00,1,10025,4293,balanced
1784613260,3.48,9.29,794,3251,40.0,41.0,Not charging,100,0.00,1,10025,4293,balanced
1784613261,4.65,11.18,1120,3146,40.0,41.0,Not charging,100,0.00,1,10025,4293,balanced
1784613262,4.65,11.45,908,2206,38.0,41.0,Not charging,100,0.00,1,10025,4293,balanced
1784613263,4.73,11.73,1096,2731,40.0,41.0,Not charging,100,0.00,1,10025,4293,balanced
1784613264,4.61,10.97,819,1869,38.0,41.0,Not charging,100,0.00,1,10025,4293,balanced
1784613265,3.62,9.55,978,2952,38.0,41.0,Not charging,100,0.00,1,10025,4293,balanced
1784613266,3.93,10.11,950,3383,38.0,41.0,Not charging,100,0.00,1,10025,4293,balanced
1784613267,4.28,11.44,1048,3347,41.0,41.0,Not charging,100,0.00,1,10025,4293,balanced
1784613268,4.28,10.71,687,3396,41.0,41.0,Not charging,100,0.00,1,10025,4293,balanced
1784613269,4.10,10.18,629,2129,38.0,41.0,Not charging,100,0.00,1,10025,4293,balanced
1784613270,5.06,11.96,955,1801,40.0,41.0,Not charging,100,0.00,1,10025,4293,balanced
1784613271,4.54,11.06,959,1705,40.0,41.0,Not charging,100,0.00,1,10025,4293,balanced
1784613272,4.65,11.29,1671,3802,42.0,41.0,Not charging,100,0.00,1,10025,4293,balanced
1784613274,4.86,11.34,1004,2960,40.0,41.0,Not charging,100,0.00,1,10025,4293,balanced
1784613275,4.66,10.96,663,1813,40.0,41.0,Not charging,100,0.00,1,10025,4293,balanced
1784613276,4.60,10.83,796,1675,38.0,41.0,Not charging,100,0.00,1,10025,4293,balanced
1784613277,4.55,11.23,778,2541,39.0,41.0,Not charging,100,0.00,1,10025,4293,balanced
1784613278,3.62,9.90,1149,1984,38.0,41.0,Not charging,100,0.00,1,10025,4293,balanced
1784613279,4.52,11.32,906,4402,39.0,41.0,Not charging,100,0.00,1,10025,4293,balanced
1784613280,4.85,11.71,943,1900,39.0,41.0,Not charging,100,0.00,1,10025,4293,balanced
1784613281,4.75,11.66,1484,3541,39.0,41.0,Not charging,100,0.00,1,10025,4293,balanced
1784613282,4.50,11.01,635,2658,41.0,41.0,Not charging,100,0.00,1,10025,4293,balanced
1784613283,4.43,11.13,1056,2928,39.0,41.0,Not charging,100,0.00,1,10025,4293,balanced
1784613284,7.13,14.43,887,3422,41.0,41.0,Not charging,100,0.00,1,10025,4293,balanced
1784613285,3.29,9.08,1394,4402,41.0,41.0,Not charging,100,0.00,1,10025,4293,balanced
1784613286,3.79,9.84,1094,3350,41.0,41.0,Not charging,100,0.00,1,10025,4293,balanced
1784613287,4.00,10.05,1213,3396,40.0,41.0,Not charging,100,0.00,1,10025,4293,balanced
1784613288,4.63,11.15,636,2152,38.0,41.0,Not charging,100,0.00,1,10025,4293,balanced
1784613289,4.29,10.53,1108,2304,38.0,41.0,Not charging,100,0.00,1,10025,4293,balanced
1784613290,4.66,11.10,1172,4446,41.0,40.0,Not charging,100,0.00,1,10025,4293,balanced
1784613291,17.60,28.87,1182,3217,40.0,40.0,Not charging,100,0.00,1,10025,4293,balanced
1784613293,4.84,11.60,1326,3179,40.0,40.0,Not charging,100,0.00,1,10025,4293,balanced
1784613294,6.07,13.88,1523,3473,42.0,40.0,Not charging,100,0.00,1,10025,4293,balanced
1784613295,4.91,11.73,805,2769,38.0,40.0,Not charging,100,0.00,1,10025,4293,balanced
1784613296,4.94,12.04,1683,2937,41.0,40.0,Not charging,100,0.00,1,10025,4293,balanced
1784613297,5.99,13.58,876,3347,40.0,40.0,Not charging,100,0.00,1,10025,4293,balanced
1784613298,5.55,13.57,674,2325,40.0,40.0,Not charging,100,0.00,1,10025,4293,balanced
1784613299,7.99,15.91,1529,3995,91.0,40.0,Not charging,100,0.00,1,10025,4293,balanced
1784613300,8.31,16.86,924,3343,43.0,40.0,Not charging,100,0.00,1,10025,4293,balanced
1784613301,6.44,14.50,1342,4069,41.0,40.0,Not charging,100,0.00,1,10025,4293,balanced
1784613302,5.13,12.03,2136,3800,58.0,40.0,Not charging,100,0.00,1,10025,4293,balanced
1784613303,12.08,22.47,784,1585,40.0,40.0,Not charging,100,0.00,1,10025,4293,balanced
1784613304,5.08,12.06,1153,3042,40.0,40.0,Discharging,100,0.15,1,10025,4293,balanced
1784613305,8.64,17.15,877,1401,42.0,40.0,Not charging,100,0.00,1,10025,4293,balanced
1784613306,5.54,12.63,993,2606,42.0,40.0,Not charging,100,0.00,1,10025,4293,balanced
1784613307,7.64,15.55,1438,3264,42.0,40.0,Not charging,100,0.00,1,10025,4293,balanced
1784613308,7.35,16.87,1123,2943,41.0,40.0,Not charging,100,0.00,1,10025,4293,balanced
1784613309,5.03,15.40,961,3400,41.0,40.0,Not charging,100,0.00,1,10025,4293,balanced
1784613310,6.18,16.56,639,2749,39.0,40.0,Not charging,100,0.00,1,10025,4293,balanced
1784613312,5.66,15.12,984,1956,40.0,40.0,Not charging,100,0.00,1,10025,4293,balanced
1784613313,6.23,16.24,2338,3780,52.0,40.0,Not charging,100,0.00,1,10025,4293,balanced
1784613314,5.75,16.59,1217,3313,40.0,40.0,Not charging,100,0.00,1,10025,4293,balanced
1784613315,5.22,15.15,1027,2558,45.0,40.0,Not charging,100,0.00,1,10025,4293,balanced
1784613316,5.70,15.35,1177,3326,40.0,40.0,Not charging,100,0.00,1,10025,4293,balanced
1784613317,7.96,18.75,919,2454,41.0,40.0,Discharging,100,0.03,1,10025,4293,balanced
1784613318,4.76,13.84,1145,3192,41.0,40.0,Not charging,100,0.00,1,10025,4293,balanced
1784613319,6.52,16.34,819,1800,40.0,40.0,Not charging,100,0.00,1,10025,4293,balanced
1784613320,4.98,14.20,1126,3414,41.0,40.0,Not charging,100,0.00,1,10025,4293,balanced
1784613321,5.61,14.99,991,3362,40.0,41.0,Not charging,100,0.00,1,10025,4293,balanced
1784613322,5.96,15.64,971,2207,41.0,41.0,Not charging,100,0.00,1,10025,4293,balanced
1784613323,5.61,15.52,1539,3951,41.0,41.0,Not charging,100,0.00,1,10025,4293,balanced
1784613324,5.13,14.73,1143,3403,41.0,41.0,Not charging,100,0.00,1,10025,4293,balanced
1784613325,4.96,14.67,1054,2686,39.0,41.0,Not charging,100,0.00,1,10025,4293,balanced
1784613326,4.98,14.60,834,3400,43.0,41.0,Not charging,100,0.00,1,10025,4293,balanced
1784613327,4.48,13.92,676,1755,39.0,41.0,Not charging,100,0.00,1,10025,4293,balanced
1784613328,5.65,15.91,1161,1762,39.0,41.0,Not charging,100,0.00,1,10025,4293,balanced
1784613329,4.29,13.33,661,2374,40.0,41.0,Not charging,100,0.00,1,10025,4293,balanced
1784613331,3.97,12.98,1149,2415,40.0,41.0,Not charging,100,0.00,1,10025,4293,balanced
1784613332,4.59,13.80,769,1601,38.0,41.0,Not charging,100,0.00,1,10025,4293,balanced
1784613333,3.95,12.71,861,3361,41.0,41.0,Not charging,100,0.00,1,10025,4293,balanced
1784613334,5.76,16.32,801,2721,38.0,41.0,Not charging,100,0.00,1,10025,4293,balanced
1784613335,4.27,13.33,718,1600,38.0,41.0,Not charging,100,0.00,1,10025,4293,balanced
1784613336,4.18,13.01,1098,3393,41.0,41.0,Not charging,100,0.00,1,10025,4293,balanced
1784613337,5.55,15.17,929,1907,40.0,41.0,Not charging,100,0.00,1,10025,4293,balanced
1784613338,3.46,12.28,665,3238,40.0,41.0,Not charging,100,0.00,1,10025,4293,balanced
1784613339,4.17,12.78,915,1670,40.0,41.0,Not charging,100,0.00,1,10025,4293,balanced
1784613340,5.34,15.12,1698,4300,44.0,41.0,Not charging,100,0.00,1,10025,4293,balanced
1784613341,4.47,13.83,1031,3440,38.0,41.0,Not charging,100,0.00,1,10025,4293,balanced
1784613342,6.20,15.73,1070,3314,39.0,41.0,Not charging,100,0.00,1,10025,4293,balanced
1784613343,4.69,13.74,1033,3455,38.0,41.0,Not charging,100,0.00,1,10025,4293,balanced
1784613344,6.55,16.81,637,1700,38.0,41.0,Not charging,100,0.00,1,10028,4296,balanced
1784613345,3.25,11.70,1122,2468,39.0,41.0,Not charging,100,0.00,1,10028,4296,balanced
1784613346,5.05,14.48,708,2164,37.0,41.0,Not charging,100,0.00,1,10028,4296,balanced
1784613347,4.29,13.60,1084,3341,41.0,41.0,Not charging,100,0.00,1,10028,4296,balanced
1784613349,3.72,12.42,601,1600,37.0,41.0,Not charging,100,0.00,1,10028,4296,balanced
1784613350,3.43,11.92,685,3348,44.0,41.0,Not charging,100,0.00,1,10028,4296,balanced
1784613351,3.26,11.59,569,1768,40.0,41.0,Not charging,100,0.00,1,10028,4296,balanced
1784613352,3.73,12.38,944,2062,38.0,41.0,Not charging,100,0.00,1,10028,4296,balanced
1784613353,4.17,13.22,695,1600,38.0,41.0,Not charging,100,0.00,1,10028,4296,balanced
1784613354,3.47,12.34,1230,2500,38.0,41.0,Not charging,100,0.00,1,10028,4296,balanced
1784613355,3.43,12.18,735,2584,40.0,41.0,Not charging,100,0.00,1,10028,4296,balanced
1784613356,3.50,12.04,1033,3420,40.0,40.0,Not charging,100,0.00,1,10028,4296,balanced
1784613357,3.45,12.21,1027,4525,38.0,40.0,Not charging,100,0.00,1,10028,4296,balanced
1784613358,3.61,12.55,693,3031,38.0,40.0,Not charging,100,0.00,1,10028,4296,balanced
1784613359,3.41,12.45,886,1779,38.0,40.0,Not charging,100,0.00,1,10028,4296,balanced
1784613360,4.37,13.71,771,2773,38.0,40.0,Not charging,100,0.00,1,10028,4296,balanced
1784613361,5.63,15.53,934,1726,38.0,40.0,Not charging,100,0.00,1,10028,4296,balanced
1784613362,5.16,14.52,1147,3389,43.0,40.0,Not charging,100,0.00,1,10028,4296,balanced
1784613363,5.08,14.40,1234,3372,40.0,40.0,Not charging,100,0.00,1,10028,4296,balanced
1784613364,4.68,14.09,1041,3270,41.0,40.0,Not charging,100,0.00,1,10028,4296,balanced
1784613365,3.49,11.90,1079,3413,40.0,40.0,Not charging,100,0.00,1,10028,4296,balanced
1784613366,3.57,11.91,874,1712,38.0,40.0,Not charging,100,0.00,1,10028,4296,balanced
1784613368,2.70,10.61,1087,3385,40.0,40.0,Not charging,100,0.00,1,10028,4296,balanced
1784613369,2.73,10.91,1004,3371,39.0,40.0,Not charging,100,0.00,1,10028,4296,balanced
1784613370,2.83,10.68,902,1808,37.0,40.0,Not charging,100,0.00,1,10028,4296,balanced
1784613371,3.31,11.68,2515,3871,50.0,40.0,Not charging,100,0.00,1,10028,4296,balanced
1784613372,12.66,25.26,1353,3286,40.0,40.0,Not charging,100,0.00,1,10031,4296,balanced
1784613373,4.46,13.39,963,1662,38.0,40.0,Not charging,100,0.00,1,10031,4296,balanced
1784613374,5.99,17.41,950,1501,40.0,40.0,Not charging,100,0.00,1,10031,4296,balanced
1784613375,4.74,12.28,1249,3399,42.0,40.0,Not charging,100,0.00,1,10031,4296,balanced
1784613376,4.58,11.02,693,2063,37.0,40.0,Not charging,100,0.00,1,10031,4296,balanced
1784613377,3.63,9.46,881,1445,38.0,40.0,Not charging,100,0.00,1,10031,4296,balanced
1784613378,4.26,10.71,752,3398,40.0,40.0,Not charging,100,0.00,1,10031,4296,balanced
1784613379,3.09,8.61,1143,1800,38.0,40.0,Not charging,100,0.00,1,10031,4296,balanced
1784613380,4.00,9.95,587,2188,40.0,40.0,Not charging,100,0.00,1,10031,4296,balanced
1784613381,4.00,10.08,1054,3571,38.0,40.0,Not charging,100,0.00,1,10031,4296,balanced
1784613382,3.99,10.07,717,2530,38.0,40.0,Not charging,100,0.00,1,10031,4296,balanced
1784613383,3.18,8.69,894,2777,38.0,40.0,Not charging,100,0.00,1,10031,4296,balanced
1784613384,4.23,10.24,1317,3453,38.0,40.0,Not charging,100,0.00,1,10031,4296,balanced
1784613386,3.21,9.15,853,1906,38.0,40.0,Not charging,100,0.00,1,10031,4296,balanced
1784613387,3.13,8.59,667,3398,39.0,40.0,Not charging,100,0.00,1,10031,4296,balanced
1784613388,3.28,8.72,713,2168,37.0,40.0,Not charging,100,0.00,1,10031,4296,balanced
1784613389,3.45,10.09,764,2233,37.0,40.0,Not charging,100,0.00,1,10031,4296,balanced
1784613390,4.09,10.60,821,3404,43.0,40.0,Not charging,100,0.00,1,10031,4296,balanced
1784613391,3.82,9.92,822,3421,41.0,40.0,Not charging,100,0.00,1,10031,4296,balanced
1784613392,3.33,8.89,1311,3400,41.0,40.0,Not charging,100,0.00,1,10031,4296,balanced
1784613393,3.23,8.70,910,3359,38.0,40.0,Not charging,100,0.00,1,10031,4296,balanced
1784613394,3.24,8.67,894,2494,38.0,40.0,Not charging,100,0.00,1,10031,4296,balanced
1784613395,3.13,8.54,943,3357,38.0,40.0,Not charging,100,0.00,1,10031,4296,balanced
1784613396,4.24,10.45,586,1900,37.0,40.0,Not charging,100,0.00,1,10031,4296,balanced
1784613397,4.24,10.35,903,2113,38.0,40.0,Not charging,100,0.00,1,10031,4296,balanced
1784613398,3.76,9.65,777,3165,41.0,40.0,Not charging,100,0.00,1,10031,4296,balanced
1784613399,4.53,11.17,613,3342,40.0,40.0,Not charging,100,0.00,1,10031,4296,balanced
1784613400,4.16,10.08,833,1852,37.0,39.0,Not charging,100,0.00,1,10031,4296,balanced
1784613401,8.41,16.29,807,1700,39.0,39.0,Not charging,100,0.00,1,10031,4296,balanced
1784613402,7.47,15.07,2297,4500,50.0,39.0,Not charging,100,0.00,1,10031,4296,balanced
1784613403,5.91,12.68,882,1699,38.0,39.0,Not charging,100,0.00,1,10031,4296,balanced
1784613404,7.73,15.15,579,2254,37.0,39.0,Not charging,100,0.00,1,10031,4296,balanced
1784613405,3.61,12.28,1751,3670,43.0,39.0,Not charging,100,0.00,1,10031,4296,balanced
1784613407,6.33,15.76,968,3190,39.0,39.0,Discharging,100,0.04,1,10031,4296,balanced
1784613408,3.50,12.29,961,3187,41.0,39.0,Not charging,100,0.00,1,10031,4296,balanced
1784613409,4.04,12.77,1058,2329,38.0,39.0,Not charging,100,0.00,1,10031,4296,balanced
1784613410,3.68,12.16,997,1849,37.0,39.0,Not charging,100,0.00,1,10031,4296,balanced
1784613411,3.07,11.22,835,1843,38.0,39.0,Not charging,100,0.00,1,10031,4296,balanced
1784613412,3.79,12.33,1268,3411,37.0,39.0,Not charging,100,0.00,1,10031,4296,balanced
1784613413,2.62,10.58,1256,3393,40.0,39.0,Not charging,100,0.00,1,10031,4296,balanced
1784613414,2.41,10.28,731,3366,41.0,39.0,Not charging,100,0.00,1,10031,4296,balanced
1784613415,3.25,11.46,718,2672,39.0,39.0,Not charging,100,0.00,1,10031,4296,balanced
1784613416,2.35,10.22,811,3396,41.0,39.0,Not charging,100,0.00,1,10031,4296,balanced
1784613417,2.46,10.54,988,3399,40.0,39.0,Not charging,100,0.00,1,10031,4296,balanced
1784613418,2.41,10.20,675,3099,38.0,39.0,Not charging,100,0.00,1,10031,4296,balanced
1784613419,3.12,12.39,924,3367,38.0,39.0,Not charging,100,0.00,1,10031,4296,balanced
1784613420,4.16,13.27,1184,3329,38.0,39.0,Not charging,100,0.00,1,10031,4296,balanced
1784613421,4.52,13.86,1064,2692,37.0,39.0,Not charging,100,0.00,1,10031,4296,balanced
1784613422,15.51,28.30,926,3372,40.0,39.0,Not charging,100,0.00,1,10032,4297,balanced
1784613423,3.81,12.60,813,3335,40.0,39.0,Discharging,100,0.02,1,10032,4297,balanced
1784613424,3.68,12.21,992,3383,40.0,39.0,Not charging,100,0.00,1,10032,4297,balanced
1784613425,4.31,13.09,1736,4619,70.0,39.0,Not charging,100,0.00,1,10032,4297,balanced
1784613426,26.66,41.90,1988,3797,48.0,39.0,Not charging,100,0.00,1,10038,4297,balanced
1784613428,24.45,39.72,1781,4714,82.0,39.0,Not charging,100,0.00,1,10055,4311,balanced
1784613429,31.10,48.81,2956,3800,88.0,39.0,Not charging,100,0.00,1,10070,4326,balanced
1784613430,26.76,42.72,3098,4463,69.0,39.0,Discharging,100,0.08,1,10083,4339,balanced
1784613431,24.02,39.98,793,3275,43.0,39.0,Discharging,100,0.05,1,10092,4347,balanced
1784613432,25.95,42.64,2061,3311,51.0,39.0,Discharging,100,0.03,1,10108,4363,balanced
1784613433,24.13,40.12,2089,3800,56.0,39.0,Not charging,100,0.00,1,10108,4363,balanced
1784613434,16.65,31.41,1847,3882,53.0,39.0,Not charging,100,0.00,1,10108,4363,balanced
1784613435,20.21,35.17,1945,4592,57.0,39.0,Not charging,100,0.00,1,10108,4363,balanced
1784613436,24.85,41.17,1667,3800,64.0,39.0,Not charging,100,0.00,1,10129,4378,balanced
1784613437,31.76,51.35,3084,3594,70.0,40.0,Not charging,100,0.00,1,10140,4389,balanced
1784613438,33.35,53.88,2941,3800,80.0,40.0,Discharging,100,0.03,1,10154,4401,balanced
1784613439,33.21,52.16,3124,3800,79.0,40.0,Discharging,100,0.21,1,10161,4405,balanced
1784613440,28.21,47.09,1062,2588,50.0,40.0,Discharging,100,0.02,1,10166,4407,balanced
1784613441,5.06,14.93,2601,3844,49.0,40.0,Discharging,100,0.02,1,10166,4407,balanced
1784613442,20.22,36.28,999,3387,47.0,40.0,Discharging,100,0.03,1,10170,4407,balanced
1784613443,7.45,17.87,1958,2879,56.0,41.0,Discharging,100,0.07,1,10170,4407,balanced
1784613444,6.32,16.29,1082,2739,42.0,41.0,Not charging,100,0.00,1,10170,4407,balanced
1784613445,21.16,35.96,2947,3801,73.0,41.0,Not charging,100,0.00,1,10170,4407,balanced
1784613446,10.48,19.85,2051,3696,54.0,41.0,Discharging,100,0.16,1,10170,4407,balanced
1784613447,7.27,15.19,1866,4261,47.0,41.0,Not charging,100,0.00,1,10170,4407,balanced
1784613448,5.97,14.72,1197,3538,44.0,42.0,Not charging,100,0.00,1,10170,4407,balanced
1784613449,6.18,14.01,1486,3382,43.0,42.0,Not charging,100,0.00,1,10170,4407,balanced
1784613450,5.30,12.42,958,1907,42.0,42.0,Not charging,100,0.00,1,10170,4407,balanced
1784613452,8.58,16.79,966,3230,44.0,42.0,Not charging,100,0.00,1,10170,4407,balanced
1784613453,6.84,15.14,1258,2565,43.0,42.0,Not charging,100,0.00,1,10170,4407,balanced
1784613454,5.91,13.71,1256,3274,42.0,42.0,Not charging,100,0.00,1,10170,4407,balanced
1784613455,4.59,11.06,2094,4329,44.0,42.0,Not charging,100,0.00,1,10170,4407,balanced
1784613456,5.53,12.54,1123,3965,45.0,42.0,Not charging,100,0.00,1,10170,4407,balanced
1784613457,5.56,12.21,2241,4240,61.0,42.0,Not charging,100,0.00,1,10170,4407,balanced
1784613458,7.95,16.61,867,2913,47.0,42.0,Not charging,100,0.00,1,10170,4407,balanced
1784613459,4.07,12.86,1358,3369,43.0,42.0,Not charging,100,0.00,1,10170,4407,balanced
1784613460,4.77,14.41,1911,4539,52.0,42.0,Not charging,100,0.00,1,10170,4407,balanced
1784613461,6.75,17.52,1873,4453,43.0,42.0,Not charging,100,0.00,1,10170,4407,balanced
1784613462,5.88,15.68,1253,3295,41.0,42.0,Not charging,100,0.00,1,10170,4407,balanced
1784613463,4.72,14.01,1273,2486,41.0,42.0,Not charging,100,0.00,1,10170,4407,balanced
1784613464,10.37,21.29,962,2675,41.0,42.0,Not charging,100,0.00,1,10170,4407,balanced
1784613465,5.42,14.88,1088,1760,42.0,42.0,Not charging,100,0.00,1,10170,4407,balanced
1784613466,7.47,17.84,754,2474,41.0,42.0,Not charging,100,0.00,1,10170,4407,balanced
1784613467,5.64,15.44,2074,4000,51.0,42.0,Not charging,100,0.00,1,10170,4407,balanced
1784613468,8.85,19.67,823,2477,41.0,42.0,Not charging,100,0.00,1,10170,4407,balanced
1784613469,4.89,14.34,860,2346,41.0,42.0,Discharging,100,0.04,1,10170,4407,balanced
1784613470,4.52,13.45,1141,3400,41.0,42.0,Not charging,100,0.00,1,10170,4407,balanced
1784613471,4.11,13.16,858,3209,41.0,42.0,Not charging,100,0.00,1,10170,4407,balanced
1784613473,4.61,13.71,1154,3417,40.0,42.0,Not charging,100,0.00,1,10170,4407,balanced
1784613474,5.02,14.25,1064,3407,40.0,42.0,Not charging,100,0.00,1,10170,4407,balanced
1784613475,4.39,13.59,952,1798,40.0,42.0,Not charging,100,0.00,1,10170,4407,balanced
1784613476,8.08,16.01,2633,3944,58.0,42.0,Not charging,100,0.00,1,10170,4407,balanced
1784613477,8.52,16.59,1022,3376,41.0,42.0,Not charging,100,0.00,1,10170,4407,balanced
1784613478,5.78,13.15,1147,2264,40.0,42.0,Not charging,100,0.00,1,10170,4407,balanced
1784613479,7.64,18.63,945,1874,40.0,42.0,Not charging,100,0.00,1,10170,4407,balanced
1784613480,7.02,17.84,1208,2949,40.0,42.0,Not charging,100,0.00,1,10170,4407,balanced
1784613481,5.25,14.84,2130,4267,41.0,42.0,Not charging,100,0.00,1,10170,4407,balanced
1784613482,5.18,14.66,647,2900,40.0,42.0,Not charging,100,0.00,1,10170,4407,balanced
1784613483,4.93,14.85,860,1930,40.0,42.0,Not charging,100,0.00,1,10170,4407,balanced
1784613484,4.36,13.64,1229,3289,43.0,42.0,Not charging,100,0.00,1,10170,4407,balanced
1784613485,16.13,29.54,3111,3812,58.0,42.0,Not charging,100,0.00,1,10170,4407,balanced
1784613486,5.94,15.85,1199,3384,44.0,42.0,Discharging,100,0.02,1,10170,4407,balanced
1784613487,10.58,21.82,1545,2237,42.0,42.0,Not charging,100,0.00,1,10178,4410,balanced
1784613488,4.58,14.09,863,3352,42.0,42.0,Not charging,100,0.00,1,10178,4410,balanced
1784613489,5.04,14.59,928,1814,42.0,42.0,Not charging,100,0.00,1,10178,4410,balanced
1784613490,5.10,15.15,1192,2549,41.0,42.0,Not charging,100,0.00,1,10178,4410,balanced
1784613492,6.05,16.55,920,3494,40.0,42.0,Not charging,100,0.00,1,10178,4410,balanced
1784613493,5.00,14.61,781,2630,40.0,42.0,Not charging,100,0.00,1,10178,4410,balanced
1784613494,4.87,14.66,626,1554,40.0,42.0,Not charging,100,0.00,1,10178,4410,balanced
1784613495,10.06,21.30,1076,3681,41.0,42.0,Not charging,100,0.00,1,10178,4410,balanced
1784613496,5.00,14.47,1108,3284,41.0,42.0,Not charging,100,0.00,1,10178,4410,balanced
1784613497,4.84,13.99,1351,3620,43.0,42.0,Not charging,100,0.00,1,10178,4410,balanced
1784613498,4.83,14.38,771,1800,40.0,42.0,Not charging,100,0.00,1,10178,4410,balanced
1784613499,4.06,12.74,805,1406,41.0,42.0,Not charging,100,0.00,1,10178,4410,balanced
1784613500,6.44,15.90,1264,4108,40.0,42.0,Not charging,100,0.00,1,10178,4410,balanced
1784613501,5.60,13.29,1125,1963,39.0,42.0,Discharging,100,0.02,1,10178,4410,balanced
1784613502,32.75,49.64,2554,3681,87.0,42.0,Not charging,100,0.00,1,10189,4413,balanced
1784613503,13.82,23.28,926,1900,42.0,42.0,Not charging,100,0.00,1,10190,4413,balanced
1784613504,4.75,11.22,1758,3919,42.0,42.0,Not charging,100,0.00,1,10190,4413,balanced
1784613505,5.40,12.33,820,1632,40.0,42.0,Not charging,100,0.00,1,10190,4413,balanced
1784613506,5.21,11.87,812,2742,41.0,42.0,Not charging,100,0.00,1,10190,4413,balanced
1784613508,8.83,17.22,638,1560,41.0,42.0,Not charging,100,0.00,1,10190,4413,balanced
1784613509,5.23,12.56,1087,3744,41.0,42.0,Not charging,100,0.00,1,10190,4413,balanced
1784613510,5.87,13.76,1534,3825,47.0,42.0,Not charging,100,0.00,1,10190,4413,balanced
1784613511,5.22,12.47,1097,2254,40.0,42.0,Not charging,100,0.00,1,10190,4413,balanced
1784613512,4.60,11.07,1542,3995,41.0,42.0,Not charging,100,0.00,1,10190,4413,balanced
1784613513,4.14,10.67,706,3366,41.0,42.0,Not charging,100,0.00,1,10190,4413,balanced
1784613514,4.86,11.97,1137,2985,42.0,42.0,Not charging,100,0.00,1,10190,4413,balanced
1784613515,4.73,11.13,1367,3400,43.0,42.0,Not charging,100,0.00,1,10190,4413,balanced
1784613516,28.23,42.85,1675,3188,52.0,42.0,Not charging,100,0.00,1,10196,4413,balanced
1784613517,5.00,11.96,1002,3520,41.0,42.0,Discharging,100,0.09,1,10196,4413,balanced
1784613518,7.11,14.43,1082,3363,41.0,42.0,Not charging,100,0.00,1,10196,4413,balanced
1784613519,4.96,11.78,715,3397,45.0,42.0,Not charging,100,0.00,1,10196,4413,balanced
1784613520,3.56,9.72,940,2921,40.0,42.0,Not charging,100,0.00,1,10196,4413,balanced
1784613521,4.32,10.57,1092,3389,42.0,42.0,Not charging,100,0.00,1,10196,4413,balanced
1784613522,2.87,8.22,640,1603,40.0,42.0,Not charging,100,0.00,1,10196,4413,balanced
1784613523,2.32,7.44,856,4271,40.0,42.0,Not charging,100,0.00,1,10196,4413,balanced
1784613524,5.88,12.47,989,3402,42.0,42.0,Not charging,100,0.00,1,10196,4413,balanced
1784613525,2.55,7.96,991,3423,41.0,42.0,Not charging,100,0.00,1,10196,4413,balanced
1784613526,2.60,7.71,677,1600,39.0,41.0,Not charging,100,0.00,1,10196,4413,balanced
1784613528,2.43,7.76,752,3333,40.0,41.0,Not charging,100,0.00,1,10196,4413,balanced
1784613529,2.78,8.74,574,2000,40.0,41.0,Not charging,100,0.00,1,10196,4413,balanced
1784613530,2.28,7.56,739,2116,39.0,41.0,Not charging,100,0.00,1,10196,4413,balanced
1784613531,2.35,7.50,863,1911,38.0,41.0,Not charging,100,0.00,1,10196,4413,balanced
1784613532,2.51,7.73,663,3195,38.0,41.0,Not charging,100,0.00,1,10196,4413,balanced
1784613533,2.79,8.04,920,2070,38.0,41.0,Not charging,100,0.00,1,10196,4413,balanced
1784613534,4.24,10.15,1105,2217,40.0,41.0,Not charging,100,0.00,1,10196,4413,balanced
1784613535,7.02,14.62,1534,3865,40.0,41.0,Not charging,100,0.00,1,10196,4413,balanced
1784613536,7.76,15.67,1433,3229,41.0,41.0,Not charging,100,0.00,1,10196,4413,balanced
1784613537,5.36,12.48,953,3396,40.0,41.0,Not charging,100,0.00,1,10196,4413,balanced
1784613538,4.91,11.94,1333,3258,42.0,41.0,Not charging,100,0.00,1,10196,4413,balanced
1784613539,7.47,15.16,1110,2389,40.0,41.0,Not charging,100,0.00,1,10196,4413,balanced
1784613540,4.49,10.82,854,3279,40.0,41.0,Not charging,100,0.00,1,10196,4413,balanced
1784613541,4.32,11.37,1283,3396,38.0,41.0,Not charging,100,0.00,1,10196,4413,balanced
1784613542,3.89,9.76,1058,1869,38.0,41.0,Not charging,100,0.00,1,10196,4413,balanced
1784613543,4.46,10.62,934,2735,42.0,41.0,Not charging,100,0.00,1,10196,4413,balanced
1784613544,8.92,17.71,1270,1996,40.0,41.0,Not charging,100,0.00,1,10196,4413,balanced
1784613545,5.26,11.98,939,3329,39.0,41.0,Discharging,100,0.07,1,10196,4413,balanced
1784613547,7.75,15.65,1248,3419,39.0,41.0,Not charging,100,0.00,1,10196,4413,balanced
1784613548,7.72,15.27,686,1655,40.0,41.0,Not charging,100,0.00,1,10196,4413,balanced
1784613549,8.73,16.83,1483,4069,43.0,41.0,Not charging,100,0.00,1,10196,4413,balanced
1784613550,8.12,16.06,1486,3744,45.0,41.0,Not charging,100,0.00,1,10196,4413,balanced
1784613551,11.13,20.87,1197,3461,60.0,41.0,Not charging,100,0.00,1,10196,4413,balanced
1784613552,6.02,12.84,960,2735,44.0,41.0,Not charging,100,0.00,1,10196,4413,balanced
1784613553,5.29,12.43,918,3396,43.0,41.0,Not charging,100,0.00,1,10196,4413,balanced
1784613554,5.44,13.07,785,2375,39.0,41.0,Not charging,100,0.00,1,10196,4413,balanced
1784613555,5.08,12.45,910,3381,39.0,41.0,Not charging,100,0.00,1,10196,4413,balanced
1784613556,5.81,13.12,1203,1989,40.0,41.0,Not charging,100,0.00,1,10196,4413,balanced
1784613557,8.56,15.94,1739,2413,43.0,41.0,Not charging,100,0.00,1,10196,4413,balanced
1784613558,5.66,13.02,947,3400,43.0,41.0,Not charging,100,0.00,1,10196,4413,balanced
1784613559,4.86,11.36,880,3398,43.0,41.0,Not charging,100,0.00,1,10196,4413,balanced
1784613560,6.64,13.67,1059,3376,41.0,41.0,Not charging,100,0.00,1,10196,4413,balanced
1784613561,4.46,11.50,676,1753,38.0,41.0,Not charging,100,0.00,1,10196,4413,balanced
1784613562,7.18,16.74,901,3399,43.0,41.0,Not charging,100,0.00,1,10196,4413,balanced
1784613563,4.79,13.91,872,2384,39.0,41.0,Not charging,100,0.00,1,10196,4413,balanced
1784613564,4.64,13.59,996,2072,40.0,41.0,Not charging,100,0.00,1,10196,4413,balanced
1784613565,4.69,14.21,949,2074,41.0,41.0,Not charging,100,0.00,1,10196,4413,balanced
1784613567,5.15,14.43,1112,3640,39.0,41.0,Not charging,100,0.00,1,10196,4413,balanced
1784613568,4.22,13.18,1067,1886,40.0,41.0,Not charging,100,0.00,1,10196,4413,balanced
1784613569,10.07,23.66,958,3397,38.0,41.0,Not charging,100,0.00,1,10197,4413,balanced
1784613570,5.75,15.35,852,1784,40.0,41.0,Not charging,100,0.00,1,10197,4413,balanced
1784613571,5.74,15.79,1406,4227,44.0,41.0,Not charging,100,0.00,1,10197,4413,balanced
1784613572,5.29,15.46,727,1829,40.0,41.0,Not charging,100,0.00,1,10197,4413,balanced
1784613573,7.44,19.24,713,3371,40.0,41.0,Not charging,100,0.00,1,10197,4413,balanced
1784613574,4.08,12.73,1115,1803,40.0,41.0,Not charging,100,0.00,1,10197,4413,balanced
1784613575,5.72,16.16,1346,3266,40.0,41.0,Not charging,100,0.00,1,10197,4413,balanced
1784613576,5.12,14.86,1155,4443,43.0,41.0,Not charging,100,0.00,1,10197,4413,balanced
1784613577,4.67,14.27,1154,3390,41.0,41.0,Not charging,100,0.00,1,10197,4413,balanced
1784613578,5.65,13.39,860,1701,41.0,41.0,Not charging,100,0.00,1,10197,4413,balanced
1784613579,4.92,11.60,794,2433,38.0,41.0,Not charging,100,0.00,1,10197,4413,balanced
1784613580,4.54,10.79,1251,2161,39.0,41.0,Not charging,100,0.00,1,10197,4413,balanced
1784613581,8.76,18.12,1690,2764,40.0,41.0,Not charging,100,0.00,1,10197,4413,balanced
1784613582,5.85,13.25,1504,2635,40.0,41.0,Not charging,100,0.00,1,10197,4413,balanced
1784613583,6.03,13.20,968,1475,40.0,41.0,Not charging,100,0.00,1,10197,4413,balanced
1784613584,7.72,15.48,1372,2220,41.0,41.0,Not charging,100,0.00,1,10197,4413,balanced
1784613585,4.94,12.00,2408,3800,59.0,41.0,Not charging,100,0.00,1,10197,4413,balanced
1784613587,8.32,16.23,1269,3375,42.0,41.0,Discharging,100,0.03,1,10197,4413,balanced
1784613588,4.84,11.02,530,2238,38.0,41.0,Not charging,100,0.00,1,10197,4413,balanced
1784613589,4.75,11.47,711,2087,40.0,40.0,Not charging,100,0.00,1,10197,4413,balanced
1784613590,4.77,11.52,900,3137,39.0,40.0,Not charging,100,0.00,1,10197,4413,balanced
1784613591,4.14,10.40,731,3391,41.0,40.0,Not charging,100,0.00,1,10197,4413,balanced
1784613592,4.40,10.55,817,1800,38.0,40.0,Not charging,100,0.00,1,10197,4413,balanced
1784613593,4.04,9.97,1052,1848,38.0,40.0,Not charging,100,0.00,1,10197,4413,balanced
1784613594,15.80,26.18,1708,3164,41.0,40.0,Not charging,100,0.00,1,10198,4414,balanced
1784613595,7.06,14.73,691,1660,40.0,40.0,Not charging,100,0.00,1,10198,4414,balanced
1784613596,6.72,14.27,1057,3390,43.0,40.0,Not charging,100,0.00,1,10198,4414,balanced
1784613597,4.61,13.62,887,3369,43.0,40.0,Not charging,100,0.00,1,10198,4414,balanced
1784613598,3.15,11.09,2055,3369,47.0,40.0,Not charging,100,0.00,1,10198,4414,balanced
1784613599,24.67,41.97,1900,4649,61.0,40.0,Not charging,100,0.00,1,10205,4414,balanced
1784613600,22.10,37.61,2292,3896,77.0,40.0,Not charging,100,0.00,1,10214,4423,balanced
1784613601,16.06,30.20,2304,3820,58.0,40.0,Not charging,100,0.00,1,10216,4425,balanced
1784613602,27.79,46.37,3083,4002,80.0,40.0,Not charging,100,0.00,1,10236,4429,balanced
1784613603,32.95,51.81,1941,4274,59.0,40.0,Not charging,100,0.00,1,10250,4442,balanced
1784613604,10.61,22.52,1137,2979,42.0,40.0,Not charging,100,0.00,1,10254,4442,balanced
1784613605,3.94,13.16,856,3852,40.0,40.0,Not charging,100,0.00,1,10254,4442,balanced
1784613606,6.69,17.33,995,3369,43.0,40.0,Not charging,100,0.00,1,10254,4442,balanced
1784613608,7.00,17.57,975,1576,43.0,41.0,Not charging,100,0.00,1,10254,4442,balanced
1784613609,12.18,25.91,1120,2765,50.0,41.0,Not charging,100,0.00,1,10254,4442,balanced
1784613610,31.59,51.64,2523,3716,82.0,41.0,Discharging,100,0.05,1,10260,4445,balanced
1784613611,33.63,54.58,2476,3927,72.0,41.0,Discharging,100,0.16,1,10305,4471,balanced
1784613612,35.88,55.85,2335,3809,73.0,41.0,Not charging,100,0.00,1,10333,4489,balanced
1784613613,26.44,43.54,2847,3948,73.0,41.0,Not charging,100,0.00,1,10369,4498,balanced
1784613614,32.98,55.54,2460,3881,68.0,41.0,Not charging,100,0.00,1,10377,4501,balanced
1784613615,30.44,52.49,2095,3880,69.0,41.0,Not charging,100,0.00,1,10403,4516,balanced
1784613616,24.73,44.19,2600,4370,69.0,41.0,Not charging,100,0.00,1,10449,4532,balanced
1784613617,27.16,49.61,2516,4185,65.0,41.0,Not charging,100,0.00,1,10484,4566,balanced
1784613618,30.50,54.30,2313,3700,79.0,42.0,Discharging,100,0.03,1,10511,4584,balanced
1784613619,32.78,56.73,2617,3305,68.0,42.0,Discharging,100,0.03,1,10511,4584,balanced
1784613620,32.42,55.10,2525,3603,68.0,42.0,Discharging,100,0.03,1,10529,4588,balanced
1784613621,15.07,31.35,2500,3800,73.0,42.0,Not charging,100,0.00,1,10532,4591,balanced
1784613622,32.60,55.16,2791,3800,93.0,42.0,Discharging,100,0.10,1,10554,4608,balanced
1784613623,27.92,49.83,1307,3280,51.0,43.0,Not charging,100,0.00,1,10556,4610,balanced
1784613624,13.27,29.69,1627,3257,48.0,43.0,Discharging,100,0.03,1,10556,4610,balanced
1784613625,6.81,20.36,930,1804,45.0,43.0,Not charging,100,0.00,1,10556,4610,balanced
1784613626,4.09,16.26,1677,3363,46.0,43.0,Not charging,100,0.00,1,10556,4610,balanced
1784613627,12.25,27.18,1064,3367,48.0,43.0,Not charging,100,0.00,1,10557,4611,balanced
1784613628,7.75,21.46,1135,3401,44.0,43.0,Not charging,100,0.00,1,10557,4611,balanced
1784613629,5.33,17.93,837,3295,44.0,44.0,Not charging,100,0.00,1,10557,4611,balanced
1784613630,5.13,18.04,1132,2972,44.0,44.0,Not charging,100,0.00,1,10557,4611,balanced
1784613632,16.60,33.33,2991,3400,71.0,44.0,Not charging,100,0.00,1,10557,4611,balanced
1784613633,33.27,56.22,2055,4000,82.0,44.0,Discharging,100,0.10,1,10567,4617,balanced
1784613634,32.83,55.94,2131,4553,85.0,44.0,Discharging,100,0.02,1,10580,4618,balanced
1784613635,30.14,50.91,2504,3801,87.0,44.0,Not charging,100,0.00,1,10602,4620,balanced
1784613636,32.14,53.91,3301,3806,80.0,44.0,Not charging,100,0.00,1,10613,4629,balanced
1784613637,20.08,36.03,1314,3400,49.0,44.0,Not charging,100,0.00,1,10619,4631,balanced
1784613638,24.39,42.20,2289,4617,58.0,45.0,Discharging,100,0.12,1,10642,4635,balanced
1784613639,17.45,32.37,1127,2308,47.0,45.0,Discharging,100,0.08,1,10656,4646,balanced
1784613640,9.00,20.86,1357,3414,45.0,45.0,Not charging,100,0.00,1,10657,4647,balanced
1784613641,12.45,26.08,2901,3800,69.0,45.0,Not charging,100,0.00,1,10657,4647,balanced
1784613642,31.28,51.44,2934,4701,72.0,45.0,Discharging,100,0.03,1,10661,4647,balanced
1784613643,28.71,45.19,1292,3422,57.0,45.0,Not charging,100,0.00,1,10682,4667,balanced
1784613644,4.89,11.85,1811,3363,45.0,45.0,Not charging,100,0.00,1,10682,4667,balanced
1784613645,4.59,11.13,879,1805,44.0,45.0,Not charging,100,0.00,1,10682,4667,balanced
1784613646,5.28,12.80,893,2405,44.0,45.0,Not charging,100,0.00,1,10682,4667,balanced
1784613647,9.10,19.01,1102,1996,44.0,45.0,Not charging,100,0.00,1,10682,4667,balanced
1784613648,6.11,16.24,892,1864,45.0,45.0,Not charging,100,0.00,1,10682,4667,balanced
1784613649,5.47,15.34,894,2115,43.0,45.0,Not charging,100,0.00,1,10682,4667,balanced
1784613650,5.62,15.44,979,3524,47.0,45.0,Not charging,100,0.00,1,10682,4667,balanced
1784613651,5.08,15.10,1486,3390,48.0,45.0,Not charging,100,0.00,1,10682,4667,balanced
1784613652,4.30,14.00,841,2673,42.0,45.0,Not charging,100,0.00,1,10682,4667,balanced
1784613654,3.26,12.15,777,3382,42.0,45.0,Not charging,100,0.00,1,10682,4667,balanced
1784613655,3.37,12.44,621,3352,45.0,46.0,Not charging,100,0.00,1,10682,4667,balanced
1784613656,3.04,11.21,779,2246,41.0,46.0,Not charging,100,0.00,1,10682,4667,balanced
1784613657,6.74,16.26,718,2200,41.0,45.0,Discharging,100,0.04,1,10682,4667,balanced
1784613658,11.62,23.90,3151,3800,55.0,45.0,Discharging,100,0.03,1,10682,4667,balanced
1784613659,10.99,22.58,2699,3963,64.0,45.0,Not charging,100,0.00,1,10687,4667,balanced
1784613660,7.06,17.18,1079,3430,43.0,45.0,Not charging,100,0.00,1,10687,4667,balanced
1784613661,4.43,13.76,799,3334,44.0,45.0,Not charging,100,0.00,1,10687,4667,balanced
1784613662,5.47,14.92,1236,2207,41.0,45.0,Not charging,100,0.00,1,10687,4667,balanced
1784613663,5.07,14.46,1322,3111,43.0,45.0,Not charging,100,0.00,1,10687,4667,balanced
1784613664,3.22,11.44,731,2694,42.0,45.0,Not charging,100,0.00,1,10687,4667,balanced
1784613665,3.22,11.41,518,1702,41.0,45.0,Not charging,100,0.00,1,10687,4667,balanced
1784613666,3.69,12.41,545,1857,42.0,45.0,Not charging,100,0.00,1,10687,4667,balanced
1784613667,5.17,15.18,587,2310,41.0,45.0,Not charging,100,0.00,1,10687,4667,balanced
1784613668,3.21,11.94,697,2821,44.0,45.0,Not charging,100,0.00,1,10687,4667,balanced
1784613669,4.25,13.60,703,1900,41.0,45.0,Not charging,100,0.00,1,10687,4667,balanced
1784613670,3.50,12.00,2348,4491,53.0,45.0,Not charging,100,0.00,1,10687,4667,balanced
1784613671,24.47,39.86,3143,3801,78.0,44.0,Not charging,100,0.00,1,10687,4667,balanced
1784613672,11.31,22.79,3099,3800,94.0,44.0,Not charging,100,0.00,1,10694,4674,balanced
1784613674,23.69,40.84,706,3392,47.0,44.0,Not charging,100,0.00,1,10705,4682,balanced
1784613675,19.59,36.04,1815,3651,56.0,44.0,Not charging,100,0.09,1,10705,4682,balanced
1784613676,4.82,15.62,1794,4445,62.0,44.0,Discharging,100,0.09,1,10705,4682,balanced
1784613677,4.74,14.11,807,3240,43.0,44.0,Not charging,100,0.00,1,10705,4682,balanced
1784613678,5.64,15.06,1050,2813,44.0,44.0,Not charging,100,0.00,1,10705,4682,balanced
1784613679,4.40,13.84,642,1606,43.0,44.0,Not charging,100,0.00,1,10705,4682,balanced
1784613680,7.80,17.90,2174,4506,59.0,44.0,Not charging,100,0.00,1,10705,4682,balanced
1784613681,22.53,37.50,805,3403,50.0,44.0,Not charging,100,0.00,1,10709,4683,balanced
1784613682,15.92,30.93,1556,4612,63.0,44.0,Not charging,100,0.00,1,10709,4683,balanced
1784613683,29.90,51.37,2554,3543,64.0,44.0,Not charging,100,0.00,1,10712,4686,balanced
1784613684,30.96,50.70,2372,4072,63.0,44.0,Not charging,100,0.00,1,10715,4687,balanced
1784613685,15.73,29.39,1098,2402,47.0,44.0,Discharging,100,0.07,1,10715,4687,balanced
1784613686,6.50,18.14,1002,3700,44.0,44.0,Not charging,100,0.00,1,10715,4687,balanced
1784613687,4.78,15.65,1146,3732,43.0,44.0,Not charging,100,0.00,1,10715,4687,balanced
1784613688,4.79,15.57,870,3010,42.0,44.0,Not charging,100,0.00,1,10715,4687,balanced
1784613689,12.70,25.21,2647,4010,87.0,44.0,Not charging,100,0.00,1,10716,4688,balanced
1784613690,33.92,56.47,2821,3696,71.0,44.0,Not charging,100,0.00,1,10729,4700,balanced
1784613691,33.91,56.29,2120,3800,77.0,44.0,Discharging,100,0.13,1,10735,4701,balanced
1784613692,32.19,54.78,1994,4542,76.0,44.0,Discharging,100,0.12,1,10761,4703,balanced
1784613693,33.14,56.71,2899,3800,65.0,44.0,Discharging,100,0.06,1,10784,4707,balanced
1784613694,31.24,55.45,2266,4700,70.0,44.0,Not charging,100,0.00,1,10784,4707,balanced
1784613695,32.52,56.40,1839,4563,65.0,44.0,Discharging,100,0.07,1,10794,4707,balanced
1784613696,32.70,53.09,1130,4537,89.0,44.0,Not charging,100,0.00,1,10806,4717,balanced
1784613698,28.67,46.86,2155,3806,60.0,44.0,Not charging,100,0.00,1,10861,4721,balanced
1784613699,23.76,40.22,1342,3882,96.0,45.0,Not charging,100,0.00,1,10946,4725,balanced
1784613700,33.30,54.23,3450,3800,70.0,45.0,Not charging,100,0.00,1,10963,4725,balanced
1784613701,31.38,51.25,2024,3976,89.0,45.0,Discharging,100,0.14,1,10986,4726,balanced
1784613702,15.21,28.43,1879,3909,67.0,45.0,Discharging,100,0.18,1,10992,4731,balanced
1784613703,29.07,50.71,957,3400,53.0,45.0,Not charging,100,0.00,1,11012,4735,balanced
1784613704,9.85,26.00,1746,3401,51.0,45.0,Not charging,100,0.00,1,11018,4736,balanced
1784613705,6.25,22.07,1146,3376,46.0,45.0,Not charging,100,0.00,1,11018,4736,balanced
1784613706,19.68,37.57,2399,3600,65.0,46.0,Not charging,100,0.00,1,11018,4736,balanced
1784613707,34.36,56.51,3123,3489,88.0,46.0,Not charging,100,0.00,1,11028,4737,balanced
1784613708,34.45,55.93,1866,4043,99.0,46.0,Discharging,100,0.07,1,11033,4738,balanced
1784613709,29.54,49.36,1821,4546,84.0,46.0,Discharging,100,0.02,1,11055,4738,balanced
1784613710,30.77,50.91,2236,3803,96.0,46.0,Not charging,100,0.00,1,11071,4743,balanced
1784613711,20.59,35.55,2388,4420,82.0,46.0,Discharging,100,0.06,1,11079,4748,balanced
1784613712,24.71,44.03,1485,3401,52.0,46.0,Discharging,100,0.13,1,11104,4751,balanced
1784613713,10.27,26.08,1686,4377,58.0,47.0,Discharging,100,0.13,1,11106,4751,balanced
1784613714,4.80,17.92,1069,2343,46.0,47.0,Not charging,100,0.00,1,11106,4751,balanced
1784613715,27.22,49.27,3027,3897,88.0,47.0,Not charging,100,0.00,1,11138,4775,balanced
1784613716,29.76,50.03,2807,3905,72.0,47.0,Discharging,100,0.03,1,11170,4794,balanced
1784613717,17.06,30.58,1132,3253,48.0,47.0,Not charging,100,0.00,1,11191,4796,balanced
1784613718,4.65,14.53,677,1600,45.0,47.0,Not charging,100,0.00,1,11191,4796,balanced
1784613719,2.75,11.42,911,2483,45.0,47.0,Not charging,100,0.00,1,11191,4796,balanced
1784613721,7.13,17.72,1054,1700,45.0,47.0,Not charging,100,0.07,1,11191,4796,balanced
1784613722,3.68,13.16,1105,4299,48.0,47.0,Discharging,100,0.07,1,11191,4796,balanced
1784613723,4.08,13.46,613,2897,45.0,47.0,Not charging,100,0.00,1,11191,4796,balanced
1784613724,4.08,14.23,747,1864,44.0,47.0,Not charging,100,0.00,1,11191,4796,balanced
1784613725,7.55,18.30,977,2981,45.0,47.0,Not charging,100,0.00,1,11191,4796,balanced
1784613726,16.40,31.26,1512,3400,78.0,48.0,Not charging,100,0.00,1,11194,4796,balanced
1784613727,5.97,16.17,1243,3915,47.0,48.0,Discharging,100,0.03,1,11194,4796,balanced
1784613728,7.60,18.17,933,2126,44.0,47.0,Not charging,100,0.00,1,11194,4796,balanced
1784613729,5.37,15.76,806,3394,44.0,47.0,Not charging,100,0.00,1,11194,4796,balanced
1784613730,3.11,11.44,1478,3667,47.0,47.0,Not charging,100,0.00,1,11194,4796,balanced
1784613731,4.43,13.81,1045,3877,46.0,47.0,Not charging,100,0.00,1,11194,4796,balanced
1784613732,4.55,14.10,485,1720,41.0,47.0,Not charging,100,0.00,1,11194,4796,balanced
1784613733,4.45,13.79,832,3153,43.0,47.0,Not charging,100,0.00,1,11194,4796,balanced
1784613734,4.14,13.26,1113,2428,42.0,47.0,Not charging,100,0.00,1,11194,4796,balanced
1784613735,3.74,13.17,792,2162,41.0,47.0,Not charging,100,0.00,1,11194,4796,balanced
1784613736,3.09,11.55,882,1700,41.0,47.0,Not charging,100,0.00,1,11194,4796,balanced
1784613737,5.06,15.12,1001,1772,41.0,47.0,Not charging,100,0.00,1,11194,4796,balanced
1784613738,4.51,14.05,1222,3395,42.0,47.0,Not charging,100,0.00,1,11194,4796,balanced
1784613739,4.60,13.81,1704,4443,43.0,47.0,Not charging,100,0.00,1,11194,4796,balanced
1784613741,4.76,14.11,912,2119,41.0,47.0,Not charging,100,0.00,1,11194,4796,balanced
1784613742,3.54,12.08,849,1784,41.0,46.0,Not charging,100,0.00,1,11194,4796,balanced
1784613743,4.34,12.77,1295,2734,42.0,46.0,Not charging,100,0.00,1,11194,4796,balanced
1784613744,4.12,10.22,921,2130,41.0,46.0,Not charging,100,0.00,1,11194,4796,balanced
1784613745,4.65,11.26,1391,2859,41.0,46.0,Not charging,100,0.00,1,11194,4796,balanced
1784613746,5.18,12.47,920,3369,44.0,46.0,Not charging,100,0.00,1,11194,4796,balanced
1784613747,5.27,11.97,1304,3983,42.0,46.0,Not charging,100,0.00,1,11194,4796,balanced
1784613748,5.25,12.24,1359,3037,41.0,46.0,Not charging,100,0.00,1,11194,4796,balanced
1784613749,5.01,13.09,969,3340,44.0,46.0,Not charging,100,0.00,1,11194,4796,balanced
1784613750,4.10,12.81,1554,3379,44.0,46.0,Not charging,100,0.00,1,11194,4796,balanced
1784613751,7.30,18.32,935,2666,42.0,45.0,Not charging,100,0.00,1,11194,4796,balanced
1784613752,4.89,14.20,2282,4700,64.0,45.0,Not charging,100,0.00,1,11194,4796,balanced
1784613753,20.72,37.26,1197,3398,47.0,45.0,Not charging,100,0.15,1,11194,4796,balanced
1784613754,23.24,40.73,1941,3384,73.0,45.0,Discharging,100,0.15,1,11195,4796,balanced
1784613755,11.01,23.78,2192,3544,43.0,45.0,Discharging,100,0.24,1,11195,4796,balanced
1784613756,7.92,19.19,1487,4295,42.0,45.0,Discharging,100,0.04,1,11195,4796,balanced
1784613757,5.00,15.54,1274,3339,45.0,45.0,Not charging,100,0.00,1,11195,4796,balanced
1784613758,5.33,15.14,716,1811,40.0,45.0,Not charging,100,0.00,1,11195,4796,balanced
1784613759,3.42,12.06,619,2296,41.0,45.0,Not charging,100,0.00,1,11195,4796,balanced
1784613761,3.91,12.85,544,1743,41.0,45.0,Not charging,100,0.00,1,11195,4796,balanced
1784613762,3.97,13.03,1108,2594,43.0,45.0,Not charging,100,0.00,1,11195,4796,balanced
1784613763,3.68,12.52,763,2406,41.0,45.0,Not charging,100,0.00,1,11195,4796,balanced
1784613764,4.13,13.39,1577,4000,66.0,45.0,Not charging,100,0.00,1,11195,4796,balanced
1784613765,6.62,17.24,1072,3387,43.0,45.0,Not charging,100,0.00,1,11196,4796,balanced
1784613766,4.20,13.66,1002,2419,43.0,45.0,Not charging,100,0.00,1,11196,4796,balanced
1784613767,4.08,13.16,771,1972,40.0,45.0,Not charging,100,0.00,1,11196,4796,balanced
1784613768,3.51,12.81,1697,4011,41.0,44.0,Not charging,100,0.00,1,11196,4796,balanced
1784613769,3.45,12.34,1004,4103,41.0,44.0,Not charging,100,0.00,1,11196,4796,balanced
1784613770,3.62,12.33,638,3388,40.0,44.0,Not charging,100,0.00,1,11196,4796,balanced
1784613771,3.38,11.95,787,2576,41.0,44.0,Not charging,100,0.00,1,11196,4796,balanced
1784613772,3.70,12.42,691,3355,41.0,44.0,Not charging,100,0.00,1,11196,4796,balanced
1784613773,2.94,11.50,618,1816,41.0,44.0,Not charging,100,0.00,1,11196,4796,balanced
1784613774,3.41,11.91,632,1921,40.0,44.0,Not charging,100,0.00,1,11196,4796,balanced
1784613775,3.23,12.28,652,3353,40.0,44.0,Not charging,100,0.00,1,11196,4796,balanced
1784613776,3.11,11.48,942,3325,40.0,44.0,Not charging,100,0.00,1,11196,4796,balanced
1784613777,3.70,12.41,1492,3831,41.0,44.0,Not charging,100,0.00,1,11196,4796,balanced
1784613778,3.53,12.12,679,1503,38.0,44.0,Not charging,100,0.00,1,11196,4796,balanced
1784613780,3.66,12.33,1552,3927,41.0,44.0,Not charging,100,0.00,1,11196,4796,balanced
1784613781,4.40,13.31,1154,3327,42.0,44.0,Not charging,100,0.00,1,11196,4796,balanced
1784613782,4.07,12.91,657,2383,38.0,43.0,Not charging,100,0.00,1,11196,4796,balanced
1784613783,3.61,12.22,1096,3337,41.0,43.0,Not charging,100,0.00,1,11196,4796,balanced
1784613784,4.39,14.30,1218,3412,40.0,43.0,Not charging,100,0.00,1,11196,4796,balanced
1784613785,4.59,14.37,823,1809,40.0,43.0,Not charging,100,0.00,1,11196,4796,balanced
1784613786,4.59,13.83,1110,1700,40.0,43.0,Not charging,100,0.00,1,11196,4796,balanced
1784613787,3.20,11.52,858,2420,40.0,43.0,Not charging,100,0.00,1,11196,4796,balanced
1784613788,4.37,13.46,1281,3355,45.0,43.0,Not charging,100,0.00,1,11196,4796,balanced
1784613789,3.32,11.61,946,2271,39.0,43.0,Not charging,100,0.00,1,11196,4796,balanced
1784613790,3.15,11.42,684,1722,39.0,43.0,Not charging,100,0.00,1,11196,4796,balanced
1784613791,2.78,10.92,525,2354,39.0,43.0,Not charging,100,0.00,1,11196,4796,balanced
1784613792,3.73,12.52,833,3381,41.0,43.0,Not charging,100,0.00,1,11196,4796,balanced
1784613793,11.71,23.79,785,2346,43.0,43.0,Not charging,100,0.00,1,11196,4796,balanced
1784613794,5.43,16.28,928,2329,39.0,43.0,Discharging,100,0.05,1,11196,4796,balanced
1784613795,5.63,15.42,940,1810,39.0,43.0,Discharging,100,0.05,1,11196,4796,balanced
1784613796,4.70,14.22,1199,3400,40.0,43.0,Not charging,100,0.00,1,11196,4796,balanced
1784613797,26.41,44.87,2950,3500,66.0,43.0,Not charging,100,0.00,1,11196,4796,balanced
1784613798,32.09,52.79,999,4483,56.0,43.0,Discharging,100,0.04,1,11196,4796,balanced
1784613800,9.10,22.18,997,3400,47.0,43.0,Not charging,100,0.00,1,11207,4797,balanced
1784613801,8.74,20.20,880,1857,41.0,43.0,Not charging,100,0.00,1,11209,4797,balanced
1784613802,3.77,13.10,874,2076,41.0,43.0,Not charging,100,0.00,1,11209,4797,balanced
1784613803,3.33,12.22,587,2857,40.0,43.0,Not charging,100,0.00,1,11209,4797,balanced
1784613804,19.06,33.69,1786,3604,54.0,43.0,Not charging,100,0.00,1,11209,4797,balanced
1784613805,22.68,38.21,2633,3719,67.0,43.0,Not charging,100,0.00,1,11209,4797,balanced
1784613806,17.56,30.71,1004,3369,43.0,43.0,Not charging,100,0.00,1,11209,4797,balanced
1784613807,4.40,14.07,1038,3369,46.0,43.0,Not charging,100,0.00,1,11209,4797,balanced
1784613808,3.54,12.46,944,2404,41.0,43.0,Not charging,100,0.00,1,11209,4797,balanced
1784613809,4.95,14.53,1708,3461,47.0,43.0,Not charging,100,0.00,1,11209,4797,balanced
1784613810,3.80,12.84,2060,3397,48.0,43.0,Not charging,100,0.00,1,11209,4797,balanced
1784613811,17.01,30.92,3499,3803,72.0,43.0,Not charging,100,0.00,1,11223,4811,balanced
1784613812,6.75,16.51,1101,3070,45.0,43.0,Not charging,100,0.00,1,11223,4811,balanced
1784613813,4.85,14.68,860,2116,41.0,43.0,Not charging,100,0.00,1,11223,4811,balanced
1784613814,4.46,13.77,622,2239,41.0,43.0,Not charging,100,0.00,1,11223,4811,balanced
1784613815,4.74,14.53,694,2703,40.0,43.0,Not charging,100,0.00,1,11223,4811,balanced
1784613816,13.51,26.06,1049,4695,65.0,43.0,Not charging,100,0.00,1,11223,4811,balanced
1784613817,18.95,34.29,726,2373,41.0,43.0,Not charging,100,0.00,1,11228,4816,balanced
1784613818,14.11,27.18,2203,3800,68.0,43.0,Not charging,100,0.00,1,11240,4818,balanced
1784613819,17.09,31.79,2159,3806,67.0,43.0,Not charging,100,0.00,1,11240,4818,balanced
1784613821,14.39,27.95,1008,1948,43.0,43.0,Not charging,100,0.00,1,11240,4818,balanced
1784613822,4.90,14.63,1697,4085,50.0,43.0,Not charging,100,0.00,1,11240,4818,balanced
1784613823,5.61,15.23,977,2505,41.0,43.0,Not charging,100,0.00,1,11240,4818,balanced
1784613824,3.27,11.92,806,3371,41.0,43.0,Not charging,100,0.00,1,11240,4818,balanced
1784613825,3.67,12.29,589,1730,40.0,43.0,Not charging,100,0.00,1,11240,4818,balanced
1784613826,3.63,12.43,1709,3953,40.0,43.0,Not charging,100,0.00,1,11240,4818,balanced
1784613827,4.77,14.87,2308,3370,49.0,43.0,Not charging,100,0.00,1,11240,4818,balanced
1784613828,24.98,41.21,3024,3800,76.0,43.0,Not charging,100,0.00,1,11262,4829,balanced
1784613829,13.26,25.42,2133,3750,76.0,43.0,Not charging,100,0.00,1,11269,4836,balanced
1784613830,28.67,47.98,2832,3804,65.0,43.0,Not charging,100,0.00,1,11274,4837,balanced
1784613831,30.74,52.29,1942,4700,78.0,43.0,Discharging,100,0.15,1,11285,4842,balanced
1784613832,7.48,22.94,1113,2284,41.0,43.0,Not charging,100,0.00,1,11285,4842,balanced
1784613833,5.53,19.60,1100,2614,42.0,43.0,Not charging,100,0.00,1,11285,4842,balanced
1784613834,5.27,19.55,896,1803,41.0,43.0,Not charging,100,0.00,1,11285,4842,balanced
1784613835,4.11,17.66,899,2397,41.0,43.0,Not charging,100,0.00,1,11285,4842,balanced
1784613836,3.56,17.01,946,3396,42.0,43.0,Not charging,100,0.00,1,11285,4842,balanced
1784613837,5.62,19.59,861,1700,41.0,43.0,Not charging,100,0.00,1,11285,4842,balanced
1784613838,3.83,17.55,787,3345,44.0,43.0,Not charging,100,0.00,1,11285,4842,balanced
1784613839,4.25,17.44,539,1733,41.0,43.0,Not charging,100,0.00,1,11285,4842,balanced
1784613841,2.69,15.46,1205,3375,41.0,43.0,Not charging,100,0.00,1,11285,4842,balanced
1784613842,3.08,16.30,1318,3376,46.0,43.0,Not charging,100,0.00,1,11285,4842,balanced
1784613843,4.71,18.69,750,2756,41.0,43.0,Not charging,100,0.00,1,11285,4842,balanced
1784613844,8.08,23.58,1699,3531,47.0,43.0,Not charging,100,0.00,1,11285,4842,balanced
1784613845,10.43,23.44,810,1807,41.0,43.0,Not charging,100,0.00,1,11285,4842,balanced
1784613846,4.89,15.71,1488,4154,43.0,43.0,Not charging,100,0.00,1,11285,4842,balanced
1784613847,3.53,13.44,739,1700,41.0,43.0,Not charging,100,0.00,1,11285,4842,balanced
1784613848,5.41,15.45,958,2052,41.0,43.0,Not charging,100,0.00,1,11285,4842,balanced
1784613849,3.52,13.30,982,3397,41.0,43.0,Not charging,100,0.00,1,11285,4842,balanced
1784613850,26.78,45.02,2356,3601,82.0,43.0,Not charging,100,0.08,1,11290,4843,balanced
1784613851,31.93,56.28,2727,3800,66.0,43.0,Discharging,100,0.08,1,11294,4847,balanced
1784613852,34.25,55.77,3003,3805,70.0,43.0,Discharging,100,0.13,1,11302,4853,balanced
1784613853,28.99,50.69,1973,3420,76.0,43.0,Discharging,100,0.11,1,11331,4858,balanced
1784613854,31.30,54.41,3027,3800,66.0,43.0,Discharging,100,0.03,1,11347,4858,balanced
1784613855,31.70,55.00,2227,3948,65.0,43.0,Discharging,100,0.07,1,11349,4858,balanced
1784613856,31.15,53.09,2251,4561,68.0,43.0,Not charging,100,0.00,1,11351,4860,balanced
1784613857,30.53,49.77,2533,3612,68.0,43.0,Not charging,100,0.00,1,11406,4867,balanced
1784613858,31.20,52.15,2926,3800,73.0,44.0,Not charging,100,0.00,1,11408,4868,balanced
1784613859,33.89,55.04,3023,3800,81.0,44.0,Discharging,100,0.11,1,11409,4869,balanced
1784613860,19.06,33.88,989,2037,46.0,44.0,Not charging,100,0.00,1,11430,4869,balanced
1784613861,21.08,37.00,2930,3800,78.0,44.0,Not charging,100,0.00,1,11433,4871,balanced
1784613862,19.37,34.96,1708,3837,47.0,44.0,Not charging,100,0.00,1,11433,4871,balanced
1784613864,10.03,22.26,988,2288,45.0,44.0,Not charging,100,0.00,1,11440,4871,balanced
1784613865,5.04,14.75,614,1629,45.0,44.0,Not charging,100,0.00,1,11440,4871,balanced
1784613866,4.87,15.07,719,1422,44.0,44.0,Not charging,100,0.00,1,11440,4871,balanced
1784613867,8.85,19.79,846,1909,46.0,45.0,Not charging,100,0.00,1,11440,4871,balanced
1784613868,6.69,16.88,892,3238,44.0,45.0,Not charging,100,0.00,1,11440,4871,balanced
1784613869,3.83,13.24,646,1700,42.0,45.0,Not charging,100,0.00,1,11440,4871,balanced
1784613870,3.40,12.02,1296,3663,45.0,45.0,Not charging,100,0.00,1,11440,4871,balanced
1784613871,3.61,12.33,633,2985,43.0,45.0,Not charging,100,0.00,1,11440,4871,balanced
1784613872,9.13,20.37,1634,4669,86.0,45.0,Not charging,100,0.00,1,11440,4871,balanced
1784613873,14.48,26.92,1484,3624,45.0,45.0,Discharging,100,0.11,1,11442,4871,balanced
1784613874,6.71,18.75,1367,4365,45.0,45.0,Not charging,100,0.00,1,11442,4871,balanced
1784613875,6.18,19.26,745,1793,43.0,45.0,Not charging,100,0.00,1,11442,4871,balanced
1784613876,13.19,28.42,3042,3600,69.0,45.0,Not charging,100,0.00,1,11443,4872,balanced
1784613877,33.90,56.13,2897,3853,76.0,45.0,Not charging,100,0.00,1,11457,4875,balanced
1784613878,32.71,56.48,2336,3997,70.0,45.0,Discharging,100,0.03,1,11467,4876,balanced
1784613879,31.58,55.26,2303,4589,96.0,45.0,Discharging,100,0.02,1,11469,4878,balanced
1784613880,31.11,54.87,2253,3808,83.0,45.0,Not charging,100,0.00,1,11474,4880,balanced
1784613881,18.42,36.53,2313,3600,73.0,45.0,Not charging,100,0.10,1,11481,4880,balanced
1784613882,27.29,47.77,2104,3210,56.0,45.0,Discharging,100,0.10,1,11499,4884,balanced
1784613884,7.15,20.93,1247,1884,46.0,45.0,Not charging,100,0.00,1,11499,4884,balanced
1784613885,9.59,24.05,854,3346,48.0,45.0,Not charging,100,0.00,1,11499,4884,balanced
1784613886,4.06,16.71,881,2439,45.0,45.0,Not charging,100,0.00,1,11499,4884,balanced
1784613887,6.29,20.08,2512,3961,63.0,46.0,Not charging,100,0.00,1,11499,4884,balanced
1784613888,21.72,41.56,2405,4352,85.0,46.0,Not charging,100,0.00,1,11519,4904,balanced
1784613889,29.38,52.17,2889,3800,63.0,46.0,Not charging,100,0.00,1,11532,4912,balanced
1784613890,29.94,53.25,1955,3977,76.0,46.0,Not charging,100,0.00,1,11549,4926,balanced
1784613891,27.60,49.79,1507,2762,51.0,46.0,Not charging,100,0.00,1,11555,4929,balanced
1784613892,11.22,25.50,852,1778,49.0,46.0,Discharging,100,0.33,1,11555,4929,balanced
1784613893,9.29,23.48,1599,3397,50.0,46.0,Not charging,100,0.00,1,11555,4929,balanced
1784613894,6.20,19.40,962,2426,44.0,46.0,Not charging,100,0.00,1,11555,4929,balanced
1784613895,6.95,20.77,920,2636,47.0,46.0,Not charging,100,0.00,1,11555,4929,balanced
1784613896,9.08,23.44,1307,3318,50.0,46.0,Not charging,100,0.00,1,11555,4929,balanced
1784613897,6.29,19.69,1194,3397,47.0,46.0,Not charging,100,0.00,1,11555,4929,balanced
1784613898,4.79,17.75,818,2493,45.0,46.0,Not charging,100,0.00,1,11555,4929,balanced
1784613899,7.22,21.25,741,1803,42.0,46.0,Not charging,100,0.00,1,11555,4929,balanced
1784613900,5.51,17.86,1339,3227,47.0,46.0,Discharging,100,0.02,1,11555,4929,balanced
1784613901,5.48,18.31,1351,3379,45.0,47.0,Not charging,100,0.00,1,11555,4929,balanced
1784613902,4.57,15.60,1297,3364,47.0,46.0,Not charging,100,0.00,1,11555,4929,balanced
1784613903,3.48,15.52,995,4210,45.0,46.0,Not charging,100,0.00,1,11555,4929,balanced
1784613905,4.90,17.95,1139,2648,44.0,46.0,Not charging,100,0.00,1,11555,4929,balanced
1784613906,12.98,29.45,1000,2011,45.0,46.0,Not charging,100,0.17,1,11555,4929,balanced
1784613907,5.66,15.58,2337,3547,51.0,46.0,Discharging,100,0.17,1,11555,4929,balanced
1784613908,5.23,15.32,853,1972,42.0,46.0,Not charging,100,0.00,1,11555,4929,balanced
1784613909,6.15,16.07,708,1601,45.0,46.0,Not charging,100,0.00,1,11555,4929,balanced
1784613910,6.55,17.44,982,1839,43.0,46.0,Not charging,100,0.00,1,11555,4929,balanced
1784613911,4.58,14.35,934,4516,45.0,46.0,Not charging,100,0.00,1,11555,4929,balanced
1784613912,3.67,12.70,1400,3377,41.0,46.0,Not charging,100,0.00,1,11555,4929,balanced
1784613913,4.16,13.32,538,2179,42.0,46.0,Not charging,100,0.00,1,11555,4929,balanced
1784613914,3.48,12.31,589,1700,41.0,46.0,Not charging,100,0.00,1,11555,4929,balanced
1784613915,3.42,12.58,521,1700,42.0,46.0,Not charging,100,0.00,1,11555,4929,balanced
1784613916,3.63,12.29,654,1867,42.0,46.0,Not charging,100,0.00,1,11555,4929,balanced
1784613917,3.26,11.76,811,2357,42.0,46.0,Not charging,100,0.00,1,11555,4929,balanced
1784613918,3.62,12.33,1134,4554,55.0,46.0,Not charging,100,0.00,1,11555,4929,balanced
1784613919,4.13,13.49,1077,4111,44.0,45.0,Not charging,100,0.00,1,11555,4929,balanced
1784613920,3.83,12.85,753,2966,43.0,45.0,Not charging,100,0.00,1,11555,4929,balanced
1784613921,4.10,12.93,767,3356,44.0,45.0,Not charging,100,0.00,1,11555,4929,balanced
1784613923,3.67,12.52,757,2750,41.0,45.0,Not charging,100,0.00,1,11555,4929,balanced
1784613924,3.29,12.01,706,1691,41.0,45.0,Not charging,100,0.00,1,11555,4929,balanced
1784613925,3.77,12.61,793,2012,41.0,45.0,Not charging,100,0.00,1,11555,4929,balanced
1784613926,4.61,15.75,701,2312,41.0,45.0,Not charging,100,0.00,1,11555,4929,balanced
1784613927,3.75,12.38,802,2762,41.0,45.0,Not charging,100,0.00,1,11555,4929,balanced
1784613928,3.33,11.99,973,3386,41.0,45.0,Not charging,100,0.00,1,11555,4929,balanced
1784613929,6.04,15.66,1963,3900,68.0,45.0,Not charging,100,0.00,1,11555,4929,balanced
1784613930,9.05,19.69,761,1859,42.0,45.0,Not charging,100,0.00,1,11555,4929,balanced
1784613931,5.91,15.56,733,1745,41.0,45.0,Not charging,100,0.00,1,11555,4929,balanced
1784613932,3.57,12.28,761,1700,41.0,44.0,Not charging,100,0.00,1,11555,4929,balanced
1784613933,3.82,12.61,816,3331,48.0,44.0,Not charging,100,0.00,1,11555,4929,balanced
1784613934,3.59,12.27,1134,3342,42.0,44.0,Not charging,100,0.00,1,11555,4929,balanced
1784613935,4.91,14.62,1046,1812,41.0,44.0,Not charging,100,0.00,1,11555,4929,balanced
1784613936,3.63,12.46,636,1500,40.0,44.0,Not charging,100,0.00,1,11555,4929,balanced
1784613937,3.45,12.19,575,1619,41.0,44.0,Not charging,100,0.00,1,11555,4929,balanced
1784613938,3.62,12.66,790,2199,41.0,44.0,Not charging,100,0.00,1,11555,4929,balanced
1784613939,3.69,12.50,1122,3392,45.0,44.0,Not charging,100,0.00,1,11555,4929,balanced
1784613940,4.23,13.63,1451,3944,44.0,44.0,Not charging,100,0.00,1,11555,4929,balanced
1784613942,4.05,13.33,834,3163,41.0,44.0,Not charging,100,0.00,1,11555,4929,balanced
1784613943,3.57,12.24,849,3346,41.0,44.0,Not charging,100,0.00,1,11555,4929,balanced
1784613944,5.26,14.85,1150,3396,43.0,44.0,Not charging,100,0.00,1,11555,4929,balanced
1784613945,13.66,27.15,2239,3396,54.0,44.0,Not charging,100,0.00,1,11561,4931,balanced
1784613946,6.48,17.50,840,3400,41.0,44.0,Not charging,100,0.00,1,11561,4931,balanced
1784613947,6.98,17.36,2039,3389,48.0,44.0,Not charging,100,0.00,1,11561,4931,balanced
1784613948,11.22,24.84,883,1801,41.0,44.0,Not charging,100,0.00,1,11561,4931,balanced
1784613949,3.80,12.96,1468,3269,47.0,43.0,Discharging,100,0.03,1,11561,4931,balanced
1784613950,12.37,24.59,1111,3371,44.0,43.0,Not charging,100,0.00,1,11561,4931,balanced
1784613951,4.78,14.60,1441,4161,42.0,43.0,Not charging,100,0.00,1,11561,4931,balanced
1784613952,5.49,15.82,1561,3255,42.0,43.0,Not charging,100,0.00,1,11561,4931,balanced
1784613953,4.73,14.46,934,1730,41.0,43.0,Not charging,100,0.00,1,11561,4931,balanced
1784613954,5.39,15.47,1415,3364,46.0,43.0,Not charging,100,0.00,1,11561,4931,balanced
1784613955,13.20,25.33,744,1697,41.0,43.0,Not charging,100,0.00,1,11561,4931,balanced
1784613956,13.99,26.44,990,3399,46.0,43.0,Not charging,100,0.00,1,11561,4931,balanced
1784613957,12.75,24.40,704,3348,43.0,43.0,Discharging,100,0.04,1,11566,4931,balanced
1784613958,4.23,13.28,654,3392,46.0,43.0,Not charging,100,0.00,1,11566,4931,balanced
1784613959,4.56,14.17,914,2432,40.0,43.0,Not charging,100,0.00,1,11566,4931,balanced
1784613960,3.41,12.02,646,3389,43.0,43.0,Not charging,100,0.00,1,11566,4931,balanced
1784613961,3.74,12.86,1594,3389,43.0,43.0,Not charging,100,0.00,1,11566,4931,balanced
1784613963,5.01,14.54,1069,2796,41.0,43.0,Not charging,100,0.00,1,11566,4931,balanced
1784613964,4.43,13.60,888,1917,40.0,43.0,Not charging,100,0.00,1,11566,4931,balanced
1784613965,10.16,21.35,828,1937,41.0,43.0,Not charging,100,0.00,1,11566,4931,balanced
1784613966,4.76,14.59,1126,3181,40.0,43.0,Discharging,100,0.02,1,11566,4931,balanced
1784613967,4.25,13.34,1294,4025,44.0,43.0,Not charging,100,0.00,1,11566,4931,balanced
1784613968,4.23,13.30,1072,3400,43.0,43.0,Not charging,100,0.00,1,11566,4931,balanced
1784613969,5.38,15.13,1470,3377,44.0,43.0,Not charging,100,0.00,1,11566,4931,balanced
1784613970,6.64,15.92,867,1900,41.0,43.0,Not charging,100,0.00,1,11566,4931,balanced
1784613971,4.34,10.98,772,2229,41.0,43.0,Not charging,100,0.00,1,11566,4931,balanced
1784613972,5.08,12.84,1044,3400,42.0,43.0,Not charging,100,0.00,1,11566,4931,balanced
1784613973,4.57,11.53,908,1781,41.0,43.0,Not charging,100,0.00,1,11566,4931,balanced
1784613974,5.70,13.94,1140,3396,43.0,43.0,Not charging,100,0.00,1,11566,4931,balanced
1784613975,4.77,11.41,941,1806,40.0,43.0,Not charging,100,0.00,1,11566,4931,balanced
1784613976,3.40,9.34,687,3325,40.0,43.0,Not charging,100,0.00,1,11566,4931,balanced
1784613977,3.67,11.41,776,2089,40.0,43.0,Not charging,100,0.00,1,11566,4931,balanced
1784613978,3.20,11.57,1105,3235,41.0,43.0,Not charging,100,0.00,1,11566,4931,balanced
1784613979,3.51,12.29,678,1921,40.0,43.0,Not charging,100,0.00,1,11566,4931,balanced
1784613980,4.57,14.36,1374,3393,45.0,43.0,Not charging,100,0.00,1,11566,4931,balanced
1784613981,7.50,18.18,754,2298,42.0,43.0,Not charging,100,0.00,1,11566,4931,balanced
1784613983,5.17,15.04,515,1827,40.0,43.0,Discharging,100,0.08,1,11566,4931,balanced
1784613984,4.17,13.62,572,1877,40.0,42.0,Not charging,100,0.00,1,11566,4931,balanced
1784613985,3.85,13.14,950,3008,43.0,42.0,Not charging,100,0.00,1,11566,4931,balanced
1784613986,6.49,17.17,852,2230,40.0,42.0,Not charging,100,0.00,1,11566,4931,balanced
1784613987,4.69,14.24,679,1935,41.0,42.0,Not charging,100,0.00,1,11566,4931,balanced
1784613988,5.33,15.37,829,1803,39.0,42.0,Not charging,100,0.00,1,11566,4931,balanced
1784613989,4.45,13.91,992,3365,41.0,42.0,Not charging,100,0.00,1,11566,4931,balanced
1784613990,4.78,14.15,1314,3809,41.0,42.0,Not charging,100,0.00,1,11566,4931,balanced
1784613991,4.13,13.16,780,1968,40.0,42.0,Not charging,100,0.00,1,11566,4931,balanced
1784613992,5.13,14.33,1010,3411,42.0,42.0,Not charging,100,0.00,1,11566,4931,balanced
1784613993,5.95,17.23,1102,3400,43.0,42.0,Not charging,100,0.00,1,11566,4931,balanced
1784613994,8.06,21.35,887,2026,40.0,42.0,Not charging,100,0.00,1,11566,4931,balanced
1784613995,9.79,23.81,2020,3699,44.0,42.0,Not charging,100,0.00,1,11566,4931,balanced
1784613996,6.23,17.64,1095,2218,40.0,42.0,Not charging,100,0.00,1,11566,4931,balanced
1784613997,4.49,14.11,962,2217,41.0,42.0,Not charging,100,0.00,1,11566,4931,balanced
1784613998,9.22,20.52,1077,3358,41.0,42.0,Not charging,100,0.00,1,11568,4931,balanced
1784613999,12.10,25.92,2024,3767,46.0,42.0,Not charging,100,0.00,1,11576,4931,balanced
1784614000,23.43,41.19,2145,4700,95.0,42.0,Not charging,100,0.00,1,11598,4938,balanced
1784614002,18.19,31.66,994,1772,41.0,42.0,Not charging,100,0.00,1,11620,4939,balanced
1784614003,10.22,23.03,1142,2358,41.0,42.0,Not charging,100,0.00,1,11620,4939,balanced
1784614004,5.70,16.82,928,1996,41.0,42.0,Not charging,100,0.00,1,11620,4939,balanced
1784614005,8.74,20.35,1059,3008,44.0,42.0,Not charging,100,0.00,1,11620,4939,balanced
1784614006,18.71,33.78,2256,4627,67.0,42.0,Not charging,100,0.00,1,11628,4939,balanced
1784614007,12.56,24.25,1541,3383,45.0,42.0,Not charging,100,0.00,1,11632,4939,balanced
1784614008,6.13,14.58,1249,2846,40.0,42.0,Discharging,100,0.03,1,11632,4939,balanced
1784614009,3.88,9.96,1207,3283,45.0,42.0,Not charging,100,0.00,1,11632,4939,balanced
1784614010,4.10,10.11,1250,3412,44.0,42.0,Not charging,100,0.00,1,11632,4939,balanced
1784614011,5.99,15.14,779,1700,41.0,42.0,Not charging,100,0.00,1,11632,4939,balanced
1784614012,5.17,14.58,1197,3399,44.0,42.0,Not charging,100,0.00,1,11632,4939,balanced
1784614013,4.71,14.67,1061,1962,40.0,42.0,Not charging,100,0.00,1,11632,4939,balanced
1784614014,4.32,13.64,725,2938,44.0,42.0,Not charging,100,0.00,1,11632,4939,balanced
1784614015,6.84,17.61,1077,3540,54.0,42.0,Not charging,100,0.00,1,11632,4939,balanced
1784614016,11.49,22.95,1130,3401,41.0,42.0,Not charging,100,0.00,1,11632,4939,balanced
1784614017,4.51,13.87,854,3400,44.0,43.0,Not charging,100,0.00,1,11632,4939,balanced
1784614018,5.03,14.07,808,1887,40.0,43.0,Not charging,100,0.00,1,11632,4939,balanced
1784614019,7.33,17.36,1207,3283,42.0,43.0,Not charging,100,0.00,1,11632,4939,balanced
1784614021,4.70,13.88,1006,2743,41.0,43.0,Not charging,100,0.00,1,11632,4939,balanced
1784614022,26.04,43.20,1216,3448,50.0,43.0,Not charging,100,0.00,1,11675,4967,balanced
1784614023,5.98,16.13,1027,3412,40.0,43.0,Not charging,100,0.00,1,11675,4967,balanced
1784614024,5.58,15.28,1335,3426,42.0,43.0,Not charging,100,0.00,1,11675,4967,balanced
1784614025,5.11,14.87,1304,3963,45.0,43.0,Not charging,100,0.00,1,11675,4967,balanced
1784614026,5.17,15.03,1168,2777,42.0,43.0,Not charging,100,0.00,1,11675,4967,balanced
1784614027,11.87,23.23,1166,2395,42.0,43.0,Not charging,100,0.00,1,11675,4967,balanced
1784614028,4.35,10.68,758,3332,41.0,43.0,Not charging,100,0.00,1,11675,4967,balanced
1784614029,2.66,7.96,848,3357,42.0,43.0,Not charging,100,0.00,1,11675,4967,balanced
1784614030,3.24,8.82,1940,3801,57.0,43.0,Not charging,100,0.00,1,11675,4967,balanced
1784614031,2.70,8.26,867,3402,41.0,43.0,Not charging,100,0.00,1,11675,4967,balanced
1784614032,5.37,12.17,808,3304,41.0,43.0,Not charging,100,0.00,1,11675,4967,balanced
1784614033,2.50,8.44,843,3334,40.0,43.0,Not charging,100,0.00,1,11675,4967,balanced
1784614034,2.14,7.14,1007,3332,40.0,43.0,Not charging,100,0.00,1,11675,4967,balanced
1784614035,2.69,8.66,836,2222,39.0,43.0,Not charging,100,0.00,1,11675,4967,balanced
1784614036,2.60,8.43,739,3334,42.0,43.0,Not charging,100,0.00,1,11675,4967,balanced
1784614037,2.66,7.80,619,1600,41.0,43.0,Not charging,100,0.00,1,11675,4967,balanced
1784614038,2.31,7.27,873,2573,40.0,43.0,Not charging,100,0.00,1,11675,4967,balanced
1784614040,2.14,7.00,963,4408,39.0,42.0,Not charging,100,0.00,1,11675,4967,balanced
1784614041,2.22,7.28,794,3382,42.0,42.0,Not charging,100,0.00,1,11675,4967,balanced
1784614042,2.26,7.30,956,3276,41.0,42.0,Not charging,100,0.00,1,11675,4967,balanced
1784614043,2.16,7.12,899,2986,41.0,42.0,Not charging,100,0.00,1,11675,4967,balanced
1784614044,2.54,8.17,788,1709,40.0,42.0,Not charging,100,0.00,1,11675,4967,balanced
1784614045,2.09,7.04,725,1704,39.0,42.0,Not charging,100,0.00,1,11675,4967,balanced
1784614046,1.99,6.89,597,3371,43.0,42.0,Not charging,100,0.00,1,11675,4967,balanced
1784614047,2.13,7.09,966,3346,43.0,42.0,Not charging,100,0.00,1,11675,4967,balanced
1784614048,2.48,8.25,957,3398,43.0,42.0,Not charging,100,0.00,1,11675,4967,balanced
1784614049,2.62,8.18,1209,3403,40.0,42.0,Not charging,100,0.00,1,11675,4967,balanced
1784614050,2.37,7.37,1019,3397,41.0,42.0,Not charging,100,0.00,1,11675,4967,balanced
1784614051,2.96,8.37,1034,3409,41.0,42.0,Not charging,100,0.00,1,11675,4967,balanced
1784614052,3.61,9.65,1147,3398,41.0,42.0,Not charging,100,0.00,1,11675,4967,balanced
1784614053,3.99,12.80,880,3394,40.0,42.0,Not charging,100,0.00,1,11675,4967,balanced
1784614054,4.21,13.24,1014,1973,38.0,41.0,Not charging,100,0.00,1,11675,4967,balanced
1784614055,4.21,13.48,1977,4006,41.0,41.0,Not charging,100,0.00,1,11675,4967,balanced
1784614056,9.71,20.69,690,2037,39.0,41.0,Not charging,100,0.00,1,11675,4967,balanced
1784614057,4.10,13.87,760,1759,40.0,41.0,Not charging,100,0.00,1,11675,4967,balanced
1784614058,4.17,13.08,741,3063,39.0,41.0,Not charging,100,0.00,1,11675,4967,balanced
1784614060,2.64,10.59,870,1749,40.0,41.0,Not charging,100,0.00,1,11675,4967,balanced
1784614061,2.31,10.02,805,3356,41.0,41.0,Not charging,100,0.00,1,11675,4967,balanced
1784614062,2.39,10.42,826,3323,40.0,41.0,Not charging,100,0.00,1,11675,4967,balanced
1784614063,2.22,9.84,665,1701,40.0,41.0,Not charging,100,0.00,1,11675,4967,balanced
1784614064,2.26,9.98,810,3400,44.0,41.0,Not charging,100,0.00,1,11675,4967,balanced
1784614065,2.42,10.20,1111,3396,42.0,41.0,Not charging,100,0.00,1,11675,4967,balanced
1784614066,2.26,10.02,764,1736,40.0,41.0,Not charging,100,0.00,1,11675,4967,balanced
1784614067,2.36,11.19,655,1602,40.0,41.0,Not charging,100,0.00,1,11675,4967,balanced
1784614068,3.08,11.66,1001,3422,41.0,41.0,Not charging,100,0.00,1,11675,4967,balanced
1784614069,4.22,14.47,968,1817,38.0,41.0,Not charging,100,0.00,1,11675,4967,balanced
1784614070,3.83,10.81,1128,2484,39.0,41.0,Not charging,100,0.00,1,11675,4967,balanced
1784614071,3.72,9.69,1228,3398,40.0,41.0,Not charging,100,0.00,1,11675,4967,balanced
1784614072,3.53,9.32,858,3400,40.0,41.0,Not charging,100,0.00,1,11675,4967,balanced
1784614073,4.19,10.53,1070,2291,40.0,41.0,Not charging,100,0.00,1,11675,4967,balanced
1784614074,4.57,11.54,913,1592,39.0,41.0,Not charging,100,0.00,1,11675,4967,balanced
1784614075,4.27,10.60,860,3402,41.0,41.0,Not charging,100,0.00,1,11675,4967,balanced
1784614076,3.33,9.62,1050,2248,39.0,41.0,Not charging,100,0.00,1,11675,4967,balanced
1784614077,4.12,10.52,1183,2618,38.0,41.0,Not charging,100,0.00,1,11675,4967,balanced
1784614079,2.96,8.46,984,2759,38.0,41.0,Not charging,100,0.00,1,11675,4967,balanced
1784614080,4.63,13.68,833,3269,38.0,41.0,Not charging,100,0.00,1,11675,4967,balanced
1784614081,5.33,15.67,989,3284,40.0,41.0,Not charging,100,0.00,1,11675,4967,balanced
1784614082,4.01,12.75,756,1800,38.0,41.0,Not charging,100,0.00,1,11675,4967,balanced
1784614083,4.82,14.74,1156,4245,40.0,41.0,Not charging,100,0.00,1,11675,4967,balanced
1784614084,5.50,15.42,588,2592,38.0,41.0,Not charging,100,0.00,1,11675,4967,balanced
1784614085,3.60,12.48,594,2979,40.0,41.0,Not charging,100,0.00,1,11675,4967,balanced
1784614086,4.29,13.37,686,2747,40.0,41.0,Not charging,100,0.00,1,11675,4967,balanced
1784614087,5.01,14.63,816,2502,38.0,41.0,Not charging,100,0.00,1,11675,4967,balanced
1784614088,4.85,14.79,853,1809,38.0,41.0,Not charging,100,0.00,1,11675,4967,balanced
1784614089,3.74,12.66,795,2025,40.0,41.0,Not charging,100,0.00,1,11675,4967,balanced
1784614090,4.31,13.26,830,1541,39.0,41.0,Not charging,100,0.00,1,11675,4967,balanced
1784614091,4.89,14.13,1627,3750,40.0,41.0,Not charging,100,0.00,1,11675,4967,balanced
1784614092,4.54,13.51,926,2351,40.0,41.0,Not charging,100,0.00,1,11675,4967,balanced
1784614093,3.81,12.44,1114,3128,40.0,41.0,Not charging,100,0.00,1,11675,4967,balanced
1784614094,3.35,12.31,966,4080,39.0,41.0,Not charging,100,0.00,1,11675,4967,balanced
1784614095,4.96,14.64,1051,4348,38.0,41.0,Not charging,100,0.00,1,11675,4967,balanced
1784614096,5.26,15.07,1290,3429,41.0,41.0,Not charging,100,0.00,1,11675,4967,balanced
1784614097,4.38,13.26,1014,2019,42.0,41.0,Not charging,100,0.00,1,11675,4967,balanced
1784614099,3.64,13.01,1056,1835,38.0,41.0,Not charging,100,0.00,1,11675,4967,balanced
1784614100,5.38,14.80,1099,2128,38.0,41.0,Not charging,100,0.00,1,11675,4967,balanced
1784614101,9.11,19.99,989,3241,38.0,41.0,Not charging,100,0.00,1,11675,4967,balanced
1784614102,4.08,12.77,898,1749,38.0,41.0,Not charging,100,0.00,1,11675,4967,balanced
1784614103,5.18,14.77,917,3606,39.0,41.0,Not charging,100,0.00,1,11675,4967,balanced
1784614104,4.48,13.58,991,1809,38.0,41.0,Not charging,100,0.00,1,11675,4967,balanced
1784614105,4.57,13.82,1046,3351,40.0,41.0,Not charging,100,0.00,1,11675,4967,balanced
1784614106,4.68,14.01,894,1713,38.0,41.0,Not charging,100,0.00,1,11675,4967,balanced
1784614107,18.90,32.88,2081,4579,85.0,41.0,Not charging,100,0.00,1,11681,4967,balanced
1784614108,16.89,30.71,1844,3600,46.0,41.0,Discharging,100,0.10,1,11697,4972,balanced
1784614109,4.36,13.73,828,1803,39.0,41.0,Not charging,100,0.00,1,11697,4972,balanced
1784614110,4.54,14.18,1092,2692,40.0,41.0,Not charging,100,0.00,1,11697,4972,balanced
1784614111,4.28,13.60,1159,3376,41.0,41.0,Not charging,100,0.00,1,11697,4972,balanced
1784614112,3.62,10.07,778,2983,40.0,41.0,Not charging,100,0.00,1,11697,4972,balanced
1784614113,3.63,9.58,1042,3090,41.0,41.0,Not charging,100,0.00,1,11697,4972,balanced
1784614114,3.51,9.65,1907,3859,43.0,41.0,Not charging,100,0.00,1,11697,4972,balanced
1784614115,6.61,14.23,1087,3377,41.0,41.0,Not charging,100,0.00,1,11697,4972,balanced
1784614116,4.37,10.85,1491,3859,40.0,41.0,Not charging,100,0.00,1,11697,4972,balanced
1784614118,3.99,10.56,1112,4434,40.0,41.0,Not charging,100,0.00,1,11697,4972,balanced
1784614119,6.39,14.01,1540,3033,39.0,41.0,Not charging,100,0.00,1,11697,4972,balanced
1784614120,5.65,13.82,1078,3400,43.0,41.0,Not charging,100,0.00,1,11697,4972,balanced
1784614121,13.03,23.80,1629,3679,42.0,41.0,Not charging,100,0.00,1,11698,4972,balanced
1784614122,5.97,13.41,2480,3530,45.0,41.0,Not charging,100,0.00,1,11698,4972,balanced
1784614123,9.56,19.26,1443,3927,41.0,41.0,Not charging,100,0.00,1,11698,4972,balanced
1784614124,12.52,23.70,967,1639,42.0,41.0,Not charging,100,0.00,1,11698,4972,balanced
1784614125,4.54,11.29,860,2402,39.0,41.0,Not charging,100,0.00,1,11698,4972,balanced
1784614126,4.58,13.78,706,1800,39.0,41.0,Not charging,100,0.00,1,11698,4972,balanced
1784614127,11.97,23.80,935,2430,41.0,41.0,Not charging,100,0.00,1,11698,4972,balanced
1784614128,4.50,13.66,943,2787,40.0,41.0,Not charging,100,0.00,1,11698,4972,balanced
1784614129,10.22,21.98,1510,4512,42.0,41.0,Not charging,100,0.00,1,11698,4972,balanced
1784614130,5.92,16.29,1647,4152,43.0,41.0,Not charging,100,0.00,1,11698,4972,balanced
1784614131,5.26,15.17,967,2843,39.0,41.0,Not charging,100,0.00,1,11698,4972,balanced
1784614132,4.55,14.16,580,1700,40.0,41.0,Not charging,100,0.00,1,11698,4972,balanced
1784614133,4.22,13.89,1085,1804,39.0,41.0,Not charging,100,0.00,1,11698,4972,balanced
1784614134,4.54,14.79,767,2393,40.0,41.0,Not charging,100,0.00,1,11698,4972,balanced
1784614135,6.05,15.70,2948,3406,59.0,41.0,Not charging,100,0.00,1,11698,4972,balanced
1784614136,5.79,15.60,875,2831,40.0,41.0,Not charging,100,0.00,1,11698,4972,balanced
1784614138,7.73,18.47,1276,3398,40.0,41.0,Not charging,100,0.00,1,11698,4972,balanced
1784614139,5.40,15.50,854,1800,39.0,41.0,Not charging,100,0.00,1,11698,4972,balanced
1784614140,5.06,14.35,1477,4509,40.0,41.0,Not charging,100,0.00,1,11698,4972,balanced
1784614141,4.53,13.86,1878,4522,44.0,41.0,Not charging,100,0.00,1,11698,4972,balanced
1784614142,6.23,16.66,3410,3800,58.0,41.0,Not charging,100,0.00,1,11698,4972,balanced
1784614143,6.54,16.89,670,1700,39.0,41.0,Discharging,100,0.02,1,11698,4972,balanced
1784614144,5.85,15.71,783,2240,41.0,41.0,Not charging,100,0.00,1,11698,4972,balanced
1784614145,4.90,14.34,2358,4054,47.0,41.0,Not charging,100,0.00,1,11698,4972,balanced
1784614146,4.89,14.50,757,2159,41.0,41.0,Not charging,100,0.00,1,11698,4972,balanced
1784614147,3.75,12.37,1132,2759,39.0,41.0,Not charging,100,0.00,1,11698,4972,balanced
1784614148,3.38,12.30,727,3062,40.0,41.0,Not charging,100,0.00,1,11698,4972,balanced
1784614149,4.31,13.08,895,2458,40.0,41.0,Not charging,100,0.00,1,11698,4972,balanced
1784614150,5.86,16.00,1363,3234,41.0,41.0,Not charging,100,0.00,1,11698,4972,balanced
1784614151,5.95,16.41,944,1725,38.0,41.0,Not charging,100,0.00,1,11698,4972,balanced
1784614152,5.11,15.25,1019,1800,40.0,41.0,Not charging,100,0.00,1,11698,4972,balanced
1784614153,3.27,11.75,568,2433,41.0,41.0,Not charging,100,0.00,1,11698,4972,balanced
1784614154,4.81,14.23,1168,4636,40.0,41.0,Not charging,100,0.00,1,11698,4972,balanced
1784614155,4.60,13.71,1257,3195,40.0,41.0,Not charging,100,0.00,1,11698,4972,balanced
1784614156,4.38,13.82,804,2732,40.0,41.0,Not charging,100,0.00,1,11698,4972,balanced
1784614158,6.02,16.08,1007,1808,40.0,41.0,Not charging,100,0.00,1,11698,4972,balanced
1784614159,4.66,13.82,698,2222,40.0,41.0,Not charging,100,0.00,1,11698,4972,balanced
1784614160,4.29,13.03,646,1800,38.0,41.0,Not charging,100,0.00,1,11698,4972,balanced
1784614161,4.35,13.60,1313,3255,40.0,41.0,Not charging,100,0.00,1,11698,4972,balanced
1784614162,4.53,13.82,702,3354,38.0,41.0,Not charging,100,0.00,1,11698,4972,balanced
1784614163,3.30,11.89,789,3397,39.0,41.0,Not charging,100,0.00,1,11698,4972,balanced
1784614164,2.99,11.34,738,2105,37.0,41.0,Not charging,100,0.00,1,11698,4972,balanced
1784614165,3.32,11.87,881,2198,38.0,41.0,Not charging,100,0.00,1,11698,4972,balanced
1784614166,6.15,15.33,1442,3800,44.0,41.0,Not charging,100,0.00,1,11698,4972,balanced
1784614167,3.88,12.51,1496,3532,41.0,41.0,Not charging,100,0.00,1,11698,4972,balanced
1784614168,5.21,15.36,843,1654,39.0,41.0,Not charging,100,0.00,1,11698,4972,balanced
1784614169,2.95,11.50,944,2643,39.0,41.0,Not charging,100,0.00,1,11698,4972,balanced
1784614170,2.11,9.67,1318,3403,40.0,41.0,Not charging,100,0.00,1,11698,4972,balanced
1784614171,3.50,12.22,655,2220,39.0,41.0,Not charging,100,0.00,1,11698,4972,balanced
1784614172,2.64,10.86,785,2921,38.0,41.0,Not charging,100,0.00,1,11698,4972,balanced
1784614173,3.95,12.75,831,1737,37.0,41.0,Not charging,100,0.00,1,11698,4972,balanced
1784614174,3.58,12.10,876,3383,38.0,41.0,Not charging,100,0.00,1,11698,4972,balanced
1784614175,14.71,28.03,867,3379,42.0,41.0,Discharging,100,0.02,1,11698,4972,balanced
1784614177,6.95,16.69,1427,3404,44.0,41.0,Not charging,100,0.00,1,11698,4972,balanced
1784614178,4.28,14.22,775,3399,40.0,41.0,Not charging,100,0.00,1,11698,4972,balanced
1784614179,3.77,12.32,876,2321,39.0,41.0,Not charging,100,0.00,1,11698,4972,balanced
1784614180,3.97,12.64,633,3170,40.0,41.0,Not charging,100,0.00,1,11698,4972,balanced
1784614181,4.30,13.49,1183,3357,38.0,41.0,Not charging,100,0.00,1,11698,4972,balanced
1784614182,4.63,14.77,935,2037,38.0,41.0,Not charging,100,0.00,1,11698,4972,balanced
1784614183,3.33,11.75,649,2339,38.0,41.0,Not charging,100,0.00,1,11698,4972,balanced
1784614184,5.96,15.08,2421,3700,59.0,41.0,Not charging,100,0.00,1,11698,4972,balanced
1784614185,10.15,21.13,1356,3983,54.0,41.0,Not charging,100,0.00,1,11698,4972,balanced
1784614186,10.43,22.10,905,1855,38.0,41.0,Not charging,100,0.00,1,11699,4972,balanced
1784614187,5.76,15.52,2017,3955,50.0,41.0,Not charging,100,0.00,1,11699,4972,balanced
1784614188,12.78,24.63,1788,3915,41.0,41.0,Not charging,100,0.00,1,11699,4972,balanced
1784614189,5.25,14.70,950,1700,40.0,41.0,Not charging,100,0.00,1,11699,4972,balanced
1784614190,4.01,12.79,925,2116,38.0,41.0,Not charging,100,0.00,1,11699,4972,balanced
1784614191,4.28,13.79,1037,3414,41.0,41.0,Not charging,100,0.00,1,11699,4972,balanced
1784614192,4.35,13.62,879,1956,38.0,41.0,Not charging,100,0.00,1,11699,4972,balanced
1784614193,6.77,16.89,1896,3363,40.0,41.0,Not charging,100,0.00,1,11699,4972,balanced
1784614194,7.41,18.20,1097,2417,39.0,41.0,Not charging,100,0.00,1,11699,4972,balanced
1784614195,3.14,11.84,778,1604,38.0,41.0,Not charging,100,0.00,1,11699,4972,balanced
1784614197,3.75,12.47,1629,4000,40.0,41.0,Not charging,100,0.00,1,11699,4972,balanced
1784614198,18.31,33.73,1044,1801,43.0,41.0,Not charging,100,0.00,1,11705,4974,balanced
1784614199,15.39,29.61,2376,3500,54.0,41.0,Not charging,100,0.00,1,11705,4974,balanced
1784614200,20.19,34.94,1187,1893,42.0,41.0,Discharging,100,0.07,1,11712,4981,balanced
1784614201,5.81,16.39,1267,3958,41.0,41.0,Not charging,100,0.00,1,11712,4981,balanced
1784614202,5.22,15.35,631,3233,39.0,41.0,Not charging,100,0.00,1,11712,4981,balanced
1784614203,4.42,13.70,704,2219,40.0,41.0,Not charging,100,0.00,1,11712,4981,balanced
1784614204,5.30,14.47,561,2214,39.0,41.0,Not charging,100,0.00,1,11712,4981,balanced
1784614205,4.93,13.93,616,1746,40.0,41.0,Discharging,100,0.05,1,11712,4981,balanced
1784614206,5.47,15.44,878,2033,40.0,41.0,Not charging,100,0.00,1,11712,4981,balanced
1784614207,3.21,11.93,1218,3429,40.0,41.0,Not charging,100,0.00,1,11712,4981,balanced
1784614208,3.28,11.73,652,1805,40.0,41.0,Not charging,100,0.00,1,11712,4981,balanced
1784614209,4.49,14.21,1279,2859,38.0,41.0,Not charging,100,0.00,1,11712,4981,balanced
1784614210,4.07,13.35,542,1574,40.0,41.0,Not charging,100,0.00,1,11712,4981,balanced
1784614211,3.67,12.35,529,1436,40.0,41.0,Not charging,100,0.00,1,11712,4981,balanced
1784614212,3.41,12.54,748,2601,38.0,41.0,Not charging,100,0.00,1,11712,4981,balanced
1784614213,3.50,12.75,639,1701,40.0,41.0,Not charging,100,0.00,1,11712,4981,balanced
1784614215,3.10,11.55,862,2632,39.0,41.0,Not charging,100,0.00,1,11712,4981,balanced
1784614216,3.21,11.59,693,3254,39.0,41.0,Not charging,100,0.00,1,11712,4981,balanced
1784614217,4.43,13.52,832,3200,38.0,41.0,Not charging,100,0.00,1,11712,4981,balanced
1784614218,3.18,11.46,905,3201,40.0,41.0,Not charging,100,0.00,1,11712,4981,balanced
1784614219,3.31,11.62,619,3386,41.0,41.0,Not charging,100,0.00,1,11712,4981,balanced
1784614220,3.11,11.28,724,3400,40.0,41.0,Not charging,100,0.00,1,11712,4981,balanced
1784614221,3.38,11.72,618,3360,40.0,41.0,Not charging,100,0.00,1,11712,4981,balanced
1784614222,3.25,11.80,622,1903,39.0,41.0,Not charging,100,0.00,1,11712,4981,balanced
1784614223,3.24,11.87,563,1948,38.0,41.0,Not charging,100,0.00,1,11712,4981,balanced
1784614224,3.58,12.20,852,2996,38.0,41.0,Not charging,100,0.00,1,11712,4981,balanced
1784614225,4.19,13.13,852,2275,38.0,41.0,Not charging,100,0.00,1,11712,4981,balanced
1784614226,4.27,13.20,673,2109,38.0,41.0,Not charging,100,0.00,1,11712,4981,balanced
1784614227,4.13,13.40,854,2902,40.0,41.0,Not charging,100,0.00,1,11712,4981,balanced
1784614228,4.61,14.22,581,1800,39.0,41.0,Not charging,100,0.00,1,11712,4981,balanced
1784614229,3.19,11.80,1014,2018,38.0,41.0,Not charging,100,0.00,1,11712,4981,balanced
1784614230,3.98,12.88,1029,3954,38.0,41.0,Not charging,100,0.00,1,11712,4981,balanced
1784614231,4.08,12.90,914,3330,39.0,41.0,Not charging,100,0.00,1,11712,4981,balanced
1784614232,3.74,12.74,783,3322,40.0,41.0,Not charging,100,0.00,1,11712,4981,balanced
1784614233,6.77,16.81,1074,2745,38.0,41.0,Not charging,100,0.00,1,11712,4981,balanced
1784614234,4.66,13.74,950,3047,38.0,40.0,Not charging,100,0.00,1,11712,4981,balanced
1784614236,4.33,13.43,923,3258,37.0,40.0,Not charging,100,0.00,1,11712,4981,balanced
1784614237,3.12,11.65,712,3398,40.0,40.0,Not charging,100,0.00,1,11712,4981,balanced
1784614238,3.35,11.73,857,1811,40.0,40.0,Not charging,100,0.00,1,11712,4981,balanced
1784614239,2.79,10.46,613,1802,40.0,40.0,Not charging,100,0.00,1,11712,4981,balanced
1784614240,2.95,8.48,1129,1800,38.0,40.0,Not charging,100,0.00,1,11712,4981,balanced
1784614241,3.90,10.17,1101,2194,38.0,40.0,Not charging,100,0.00,1,11712,4981,balanced
1784614242,3.90,10.13,981,1812,38.0,40.0,Not charging,100,0.00,1,11712,4981,balanced
1784614243,3.79,10.33,1140,2024,37.0,40.0,Not charging,100,0.00,1,11712,4981,balanced
1784614244,7.01,14.36,1120,1858,39.0,40.0,Not charging,100,0.00,1,11712,4981,balanced
1784614245,3.96,10.27,724,3347,40.0,40.0,Not charging,100,0.00,1,11712,4981,balanced
1784614246,3.63,9.69,730,2633,38.0,40.0,Not charging,100,0.00,1,11712,4981,balanced
1784614247,3.08,10.18,609,1700,38.0,40.0,Not charging,100,0.00,1,11712,4981,balanced
1784614248,3.48,12.05,700,1600,37.0,40.0,Not charging,100,0.00,1,11712,4981,balanced
1784614249,3.45,12.39,1245,3083,39.0,40.0,Not charging,100,0.00,1,11712,4981,balanced
1784614250,3.08,11.47,1101,3393,40.0,40.0,Not charging,100,0.00,1,11712,4981,balanced
1784614251,3.49,12.14,571,1659,38.0,40.0,Not charging,100,0.00,1,11712,4981,balanced
1784614252,3.45,12.38,1025,2087,37.0,40.0,Not charging,100,0.00,1,11712,4981,balanced
1784614254,3.15,12.19,539,2184,37.0,40.0,Not charging,100,0.00,1,11712,4981,balanced
1784614255,2.80,11.04,602,3364,38.0,40.0,Not charging,100,0.00,1,11712,4981,balanced
1784614256,3.68,12.77,753,2982,37.0,40.0,Not charging,100,0.00,1,11712,4981,balanced
1784614257,3.13,11.51,839,4134,38.0,40.0,Not charging,100,0.00,1,11712,4981,balanced
1784614258,3.43,11.95,1117,3103,40.0,40.0,Not charging,100,0.00,1,11712,4981,balanced
1784614259,5.86,16.26,880,2507,41.0,40.0,Not charging,100,0.00,1,11712,4981,balanced
1784614260,7.21,17.37,1106,2903,40.0,40.0,Not charging,100,0.00,1,11712,4981,balanced
1784614261,4.60,14.11,777,2349,38.0,40.0,Not charging,100,0.00,1,11712,4981,balanced
1784614262,5.98,15.99,1914,3833,42.0,40.0,Not charging,100,0.00,1,11712,4981,balanced
1784614263,4.50,14.67,1529,3576,41.0,40.0,Not charging,100,0.00,1,11712,4981,balanced
1784614264,5.89,17.58,850,1773,38.0,40.0,Not charging,100,0.00,1,11712,4981,balanced
1784614265,4.98,14.64,1081,3400,40.0,40.0,Not charging,100,0.00,1,11712,4981,balanced
1784614266,4.11,13.10,556,2033,39.0,40.0,Not charging,100,0.00,1,11712,4981,balanced
1784614267,3.17,11.55,718,1877,38.0,40.0,Not charging,100,0.00,1,11712,4981,balanced
1784614268,3.17,11.59,752,2277,37.0,40.0,Not charging,100,0.00,1,11712,4981,balanced
1784614269,2.50,10.48,664,2136,38.0,40.0,Not charging,100,0.00,1,11712,4981,balanced
1784614270,4.11,13.26,753,3366,39.0,40.0,Not charging,100,0.00,1,11712,4981,balanced
1784614271,3.79,12.79,842,3369,41.0,40.0,Not charging,100,0.00,1,11712,4981,balanced
1784614272,4.11,13.07,1074,2911,40.0,40.0,Not charging,100,0.00,1,11712,4981,balanced
1784614274,4.82,15.49,821,3318,39.0,40.0,Not charging,100,0.00,1,11712,4981,balanced
1784614275,4.01,13.45,741,2437,38.0,40.0,Not charging,100,0.00,1,11712,4981,balanced
1784614276,4.10,13.14,647,2097,37.0,40.0,Not charging,100,0.00,1,11712,4981,balanced
1784614277,4.97,14.43,2071,3964,48.0,40.0,Not charging,100,0.00,1,11712,4981,balanced
1784614278,8.56,20.52,1078,2021,40.0,40.0,Not charging,100,0.00,1,11712,4981,balanced
1784614279,6.62,17.55,1263,2929,41.0,40.0,Not charging,100,0.00,1,11712,4981,balanced
1784614280,3.87,13.24,1041,3410,40.0,40.0,Not charging,100,0.00,1,11712,4981,balanced
1784614281,4.93,15.11,931,1833,38.0,40.0,Not charging,100,0.00,1,11712,4981,balanced
1784614282,5.02,14.77,1525,3390,43.0,40.0,Not charging,100,0.00,1,11712,4981,balanced
1784614283,4.23,13.72,561,2354,38.0,40.0,Not charging,100,0.00,1,11712,4981,balanced
1784614284,2.67,10.91,784,1777,38.0,40.0,Not charging,100,0.00,1,11712,4981,balanced
1784614285,2.68,11.13,698,2770,39.0,40.0,Not charging,100,0.00,1,11712,4981,balanced
1784614286,3.81,12.85,1034,3439,41.0,40.0,Not charging,100,0.00,1,11712,4981,balanced
1784614287,5.58,14.88,823,2228,38.0,40.0,Not charging,100,0.00,1,11712,4981,balanced
1784614288,4.17,13.82,1582,4427,40.0,40.0,Not charging,100,0.00,1,11712,4981,balanced
1784614289,4.14,13.15,966,1834,38.0,40.0,Not charging,100,0.00,1,11712,4981,balanced
1784614290,3.41,12.00,528,1601,38.0,40.0,Not charging,100,0.00,1,11712,4981,balanced
1784614291,3.23,11.81,718,2522,37.0,40.0,Not charging,100,0.00,1,11712,4981,balanced
1784614293,3.59,12.40,819,1924,38.0,40.0,Not charging,100,0.00,1,11712,4981,balanced
1784614294,3.72,12.92,582,1913,39.0,40.0,Not charging,100,0.00,1,11712,4981,balanced
1784614295,3.40,11.93,800,1541,38.0,40.0,Not charging,100,0.00,1,11712,4981,balanced
1784614296,3.33,11.99,855,3337,40.0,40.0,Not charging,100,0.00,1,11712,4981,balanced
1784614297,3.26,11.86,804,2054,40.0,40.0,Not charging,100,0.00,1,11712,4981,balanced
1784614298,2.59,10.68,1559,3401,40.0,40.0,Not charging,100,0.00,1,11712,4981,balanced
1784614299,5.37,14.88,689,1766,38.0,40.0,Not charging,100,0.00,1,11712,4981,balanced
1784614300,4.06,12.95,755,1751,38.0,40.0,Not charging,100,0.00,1,11712,4981,balanced
1784614301,2.83,11.37,714,1700,37.0,40.0,Not charging,100,0.00,1,11712,4981,balanced
1784614302,3.74,12.54,856,1847,38.0,40.0,Not charging,100,0.00,1,11712,4981,balanced
1784614303,8.17,18.73,1030,2409,39.0,40.0,Not charging,100,0.00,1,11712,4981,balanced
1784614304,11.00,22.88,1119,2911,40.0,40.0,Not charging,100,0.00,1,11712,4981,balanced
1784614305,5.73,15.61,1011,3397,40.0,40.0,Discharging,100,0.02,1,11712,4981,balanced
1784614306,7.51,18.34,831,3298,40.0,40.0,Not charging,100,0.00,1,11712,4981,balanced
1784614307,5.26,15.28,1043,3393,42.0,40.0,Discharging,100,0.04,1,11712,4981,balanced
1784614308,5.06,15.33,1071,3378,40.0,40.0,Not charging,100,0.00,1,11712,4981,balanced
1784614309,5.06,15.33,713,1590,40.0,40.0,Not charging,100,0.00,1,11712,4981,balanced
1784614311,5.05,14.28,805,2106,40.0,40.0,Not charging,100,0.00,1,11712,4981,balanced
1784614312,5.03,14.56,2172,3190,45.0,40.0,Not charging,100,0.00,1,11712,4981,balanced
1784614313,18.25,31.79,1359,3704,40.0,40.0,Not charging,100,0.00,1,11712,4981,balanced
1784614314,4.65,14.33,751,1863,39.0,40.0,Discharging,100,0.02,1,11712,4981,balanced
1784614315,3.99,12.85,761,1700,38.0,40.0,Not charging,100,0.00,1,11712,4981,balanced
1784614316,4.79,14.30,853,2997,40.0,40.0,Not charging,100,0.00,1,11712,4981,balanced
1784614317,4.76,14.49,928,1624,38.0,40.0,Not charging,100,0.00,1,11712,4981,balanced
1784614318,4.75,14.17,989,2897,39.0,40.0,Not charging,100,0.00,1,11712,4981,balanced
1784614319,5.05,18.91,730,3169,38.0,40.0,Not charging,100,0.00,1,11712,4981,balanced
1784614320,16.35,41.86,1777,4634,44.0,40.0,Not charging,100,0.00,1,11712,4981,balanced
1784614321,14.24,36.23,1220,3371,41.0,40.0,Discharging,100,0.05,1,11712,4981,balanced
1784614322,5.37,24.06,982,3422,42.0,40.0,Not charging,100,0.00,1,11712,4981,balanced
1784614323,5.65,24.43,774,3368,42.0,40.0,Not charging,100,0.00,1,11712,4981,balanced
1784614324,5.68,24.97,853,2561,40.0,40.0,Not charging,100,0.00,1,11712,4981,balanced
1784614325,5.58,24.05,1134,3342,41.0,40.0,Not charging,100,0.00,1,11712,4981,balanced
1784614326,5.23,21.32,824,2564,41.0,40.0,Not charging,100,0.00,1,11712,4981,balanced
1784614327,5.43,21.63,1220,2779,38.0,40.0,Not charging,100,0.00,1,11712,4981,balanced
1784614328,5.58,21.83,841,2356,41.0,40.0,Not charging,100,0.00,1,11712,4981,balanced
1784614329,5.17,21.40,897,3372,42.0,40.0,Not charging,100,0.00,1,11712,4981,balanced
1784614331,4.82,20.81,1289,2687,41.0,40.0,Not charging,100,0.00,1,11712,4981,balanced
1784614332,4.32,18.68,1019,4454,41.0,40.0,Not charging,100,0.00,1,11712,4981,balanced
1784614333,3.78,14.41,509,1600,38.0,40.0,Not charging,100,0.00,1,11712,4981,balanced
1784614334,4.29,15.08,734,2840,41.0,40.0,Not charging,100,0.00,1,11712,4981,balanced
1784614335,5.33,15.90,813,3331,39.0,40.0,Not charging,100,0.00,1,11712,4981,balanced
1784614336,4.64,14.50,903,1663,40.0,40.0,Not charging,100,0.00,1,11712,4981,balanced
1784614337,4.35,14.21,1599,3509,42.0,40.0,Not charging,100,0.00,1,11712,4981,balanced
1784614338,4.99,15.84,502,1700,40.0,40.0,Not charging,100,0.00,1,11712,4981,balanced
1784614339,4.38,14.34,841,2207,40.0,40.0,Not charging,100,0.00,1,11712,4981,balanced
1784614340,4.41,14.80,536,1811,40.0,40.0,Not charging,100,0.00,1,11712,4981,balanced
1784614341,10.12,22.97,1442,3976,47.0,40.0,Not charging,100,0.00,1,11712,4981,balanced
1784614342,5.02,13.57,532,1754,40.0,40.0,Not charging,100,0.00,1,11712,4981,balanced
1784614343,3.90,10.18,655,1700,40.0,40.0,Not charging,100,0.00,1,11712,4981,balanced
1784614344,4.38,11.32,970,3356,40.0,40.0,Not charging,100,0.00,1,11712,4981,balanced
1784614345,3.89,9.85,779,1725,40.0,40.0,Not charging,100,0.00,1,11712,4981,balanced
1784614346,4.48,11.23,1035,3618,45.0,40.0,Not charging,100,0.00,1,11712,4981,balanced
1784614347,5.00,12.40,1199,3550,41.0,40.0,Not charging,100,0.00,1,11712,4981,balanced
1784614348,4.33,11.10,2146,3334,42.0,40.0,Not charging,100,0.00,1,11712,4981,balanced
1784614350,4.07,10.40,1018,3227,39.0,40.0,Not charging,100,0.00,1,11712,4981,balanced
1784614351,3.36,9.11,771,3390,43.0,40.0,Not charging,100,0.00,1,11712,4981,balanced
1784614352,3.20,9.29,1024,3400,43.0,40.0,Not charging,100,0.00,1,11712,4981,balanced
1784614353,2.88,8.41,679,1800,39.0,40.0,Not charging,100,0.00,1,11712,4981,balanced
1784614354,3.35,9.25,879,2251,39.0,40.0,Not charging,100,0.00,1,11712,4981,balanced
1784614355,3.71,9.93,794,1800,38.0,40.0,Not charging,100,0.00,1,11712,4981,balanced
1784614356,3.52,9.67,860,3239,40.0,40.0,Not charging,100,0.00,1,11712,4981,balanced
1784614357,3.41,9.34,1360,3408,39.0,40.0,Not charging,100,0.00,1,11712,4981,balanced
1784614358,3.52,9.59,1243,3400,39.0,40.0,Not charging,100,0.00,1,11712,4981,balanced
1784614359,3.60,9.99,927,3424,40.0,40.0,Not charging,100,0.00,1,11712,4981,balanced
1784614360,3.56,9.42,873,2386,40.0,40.0,Not charging,100,0.00,1,11712,4981,balanced
1784614361,3.42,9.25,619,3222,40.0,40.0,Not charging,100,0.00,1,11712,4981,balanced
1784614362,3.01,8.51,850,2774,40.0,40.0,Not charging,100,0.00,1,11712,4981,balanced
1784614363,3.15,9.09,1334,4006,38.0,40.0,Not charging,100,0.00,1,11712,4981,balanced
1784614364,6.47,13.86,928,4414,40.0,40.0,Not charging,100,0.00,1,11712,4981,balanced
1784614365,2.80,8.28,646,3366,38.0,40.0,Not charging,100,0.00,1,11712,4981,balanced
1784614366,2.66,7.86,690,3362,39.0,40.0,Not charging,100,0.00,1,11712,4981,balanced
1784614367,2.25,7.59,606,3233,38.0,40.0,Not charging,100,0.00,1,11712,4981,balanced
1784614368,2.52,8.11,1033,3375,38.0,40.0,Not charging,100,0.00,1,11712,4981,balanced
1784614370,2.73,8.12,1025,1803,38.0,40.0,Not charging,100,0.00,1,11712,4981,balanced
1784614371,3.75,10.16,762,3399,40.0,40.0,Not charging,100,0.00,1,11712,4981,balanced
1784614372,2.83,8.48,599,1983,38.0,40.0,Not charging,100,0.00,1,11712,4981,balanced
1784614373,2.17,7.45,1018,3430,41.0,40.0,Not charging,100,0.00,1,11712,4981,balanced
1784614374,2.70,8.01,1096,3385,40.0,40.0,Not charging,100,0.00,1,11712,4981,balanced
1784614375,2.89,8.64,993,3387,41.0,40.0,Not charging,100,0.00,1,11712,4981,balanced
1784614376,2.74,8.00,1080,2842,38.0,40.0,Not charging,100,0.00,1,11712,4981,balanced
1784614377,4.10,10.58,1103,2560,38.0,40.0,Not charging,100,0.00,1,11712,4981,balanced
1784614378,3.72,10.38,709,1804,38.0,40.0,Not charging,100,0.00,1,11712,4981,balanced
1784614379,3.53,9.60,968,2847,39.0,40.0,Not charging,100,0.00,1,11712,4981,balanced
1784614380,3.92,11.73,1026,3391,37.0,40.0,Not charging,100,0.00,1,11712,4981,balanced
1784614381,4.76,14.80,1201,3866,38.0,40.0,Not charging,100,0.00,1,11712,4981,balanced
1784614382,6.29,16.26,1638,3723,44.0,40.0,Not charging,100,0.00,1,11712,4981,balanced
1784614383,6.11,16.61,954,2847,40.0,40.0,Not charging,100,0.00,1,11712,4981,balanced
1784614384,5.91,17.72,2134,4543,60.0,40.0,Not charging,100,0.00,1,11712,4981,balanced
1784614385,10.16,22.76,1139,3217,39.0,40.0,Not charging,100,0.00,1,11712,4981,balanced
1784614386,6.75,17.41,507,1806,39.0,40.0,Not charging,100,0.00,1,11712,4981,balanced
1784614387,3.56,12.46,999,2731,38.0,40.0,Not charging,100,0.00,1,11712,4981,balanced
1784614388,3.55,12.36,603,2483,37.0,40.0,Not charging,100,0.00,1,11712,4981,balanced
1784614390,3.00,11.70,578,1703,38.0,40.0,Not charging,100,0.00,1,11712,4981,balanced
1784614391,4.23,13.02,608,2112,38.0,40.0,Not charging,100,0.00,1,11712,4981,balanced
1784614392,2.90,11.33,579,1938,37.0,40.0,Not charging,100,0.00,1,11712,4981,balanced
1784614393,3.18,11.63,608,1719,37.0,40.0,Not charging,100,0.00,1,11712,4981,balanced
1784614394,9.81,21.62,2689,4352,50.0,40.0,Not charging,100,0.00,1,11712,4981,balanced
1784614395,5.39,16.26,1305,3238,41.0,40.0,Discharging,100,0.02,1,11712,4981,balanced
1784614396,3.52,13.13,857,2871,38.0,40.0,Not charging,100,0.00,1,11712,4981,balanced
1784614397,3.93,13.14,814,1602,37.0,40.0,Not charging,100,0.00,1,11712,4981,balanced
1784614398,3.54,12.29,804,2123,38.0,40.0,Not charging,100,0.00,1,11712,4981,balanced
1784614399,3.48,12.19,1055,3425,38.0,40.0,Not charging,100,0.00,1,11712,4981,balanced
1784614400,3.60,12.31,1110,4481,38.0,40.0,Not charging,100,0.00,1,11712,4981,balanced
1784614401,4.04,13.29,940,3367,38.0,40.0,Not charging,100,0.00,1,11712,4981,balanced
1784614402,5.66,15.37,754,2117,41.0,40.0,Not charging,100,0.00,1,11712,4981,balanced
1784614403,5.44,14.75,852,2266,38.0,40.0,Not charging,100,0.00,1,11712,4981,balanced
1784614404,10.62,21.69,756,3040,40.0,40.0,Discharging,100,0.03,1,11719,4981,balanced
1784614405,5.95,16.38,1834,3385,41.0,40.0,Not charging,100,0.00,1,11719,4981,balanced
1784614406,7.63,18.75,893,1842,38.0,40.0,Not charging,100,0.00,1,11719,4981,balanced
1784614408,5.89,16.38,1989,3208,39.0,40.0,Not charging,100,0.00,1,11719,4981,balanced
1784614409,16.16,29.68,2569,4547,59.0,40.0,Not charging,100,0.00,1,11728,4989,balanced
1784614410,11.50,23.80,1555,3398,45.0,40.0,Not charging,100,0.00,1,11728,4989,balanced
1784614411,5.07,14.57,1512,3406,43.0,40.0,Not charging,100,0.00,1,11728,4989,balanced
1784614412,12.99,25.41,996,1700,40.0,40.0,Not charging,100,0.00,1,11729,4989,balanced
1784614413,6.94,19.30,1366,3337,41.0,40.0,Not charging,100,0.00,1,11729,4989,balanced
1784614414,7.06,17.64,1589,4553,51.0,40.0,Not charging,100,0.00,1,11729,4989,balanced
1784614415,5.29,15.04,1619,4431,50.0,40.0,Not charging,100,0.00,1,11729,4989,balanced
1784614416,5.96,15.85,1285,3047,43.0,40.0,Not charging,100,0.00,1,11729,4989,balanced
1784614417,5.87,16.83,1051,2323,40.0,40.0,Not charging,100,0.00,1,11729,4989,balanced
1784614418,6.50,18.28,1514,3414,42.0,40.0,Not charging,100,0.00,1,11729,4989,balanced
1784614419,6.70,17.96,801,1700,40.0,40.0,Not charging,100,0.00,1,11729,4989,balanced
1784614420,4.43,11.81,783,3668,38.0,40.0,Not charging,100,0.00,1,11729,4989,balanced
1784614421,3.32,9.14,769,1805,38.0,40.0,Not charging,100,0.00,1,11729,4989,balanced
1784614422,3.89,10.15,1267,2913,39.0,40.0,Not charging,100,0.00,1,11729,4989,balanced
1784614423,4.21,11.16,1321,3402,42.0,40.0,Not charging,100,0.00,1,11729,4989,balanced
1784614424,7.23,18.79,1231,4117,40.0,40.0,Not charging,100,0.00,1,11729,4989,balanced
1784614425,4.85,14.98,787,1988,38.0,40.0,Not charging,100,0.00,1,11729,4989,balanced
1784614426,5.44,16.07,1386,3402,38.0,40.0,Not charging,100,0.00,1,11729,4989,balanced
1784614427,7.79,18.33,837,2350,38.0,40.0,Not charging,100,0.00,1,11729,4989,balanced
1784614429,3.16,11.54,1122,4244,39.0,40.0,Not charging,100,0.00,1,11729,4989,balanced
1784614430,4.88,14.23,942,1800,38.0,40.0,Not charging,100,0.00,1,11729,4989,balanced
1784614431,3.44,12.06,1222,4483,40.0,40.0,Not charging,100,0.00,1,11729,4989,balanced
1784614432,3.44,12.14,1402,2910,38.0,40.0,Not charging,100,0.00,1,11729,4989,balanced
1784614433,3.85,12.84,854,1422,38.0,40.0,Not charging,100,0.00,1,11729,4989,balanced
1784614434,5.89,15.64,1051,2156,41.0,40.0,Not charging,100,0.00,1,11729,4989,balanced
1784614435,5.25,14.96,1029,3128,39.0,40.0,Not charging,100,0.00,1,11729,4989,balanced
1784614436,4.14,13.83,919,3416,38.0,40.0,Not charging,100,0.00,1,11729,4989,balanced
1784614437,6.84,16.71,920,2077,38.0,40.0,Not charging,100,0.00,1,11729,4989,balanced
1784614438,7.13,17.75,828,1800,38.0,40.0,Not charging,100,0.00,1,11729,4989,balanced
1784614439,4.83,14.71,1003,3359,41.0,40.0,Not charging,100,0.00,1,11729,4989,balanced
1784614440,4.44,13.97,851,3382,41.0,40.0,Not charging,100,0.00,1,11729,4989,balanced
1784614441,8.05,19.32,995,3377,40.0,40.0,Not charging,100,0.00,1,11729,4989,balanced
1784614442,4.88,14.27,1183,1927,39.0,40.0,Not charging,100,0.00,1,11729,4989,balanced
1784614443,4.42,14.06,1372,3770,41.0,40.0,Not charging,100,0.00,1,11729,4989,balanced
1784614444,4.76,14.65,1498,2890,40.0,40.0,Not charging,100,0.00,1,11729,4989,balanced
1784614445,4.71,14.23,822,3392,41.0,40.0,Not charging,100,0.00,1,11729,4989,balanced
1784614446,3.67,12.14,671,2542,38.0,40.0,Not charging,100,0.00,1,11729,4989,balanced
1784614447,3.06,11.40,900,2675,38.0,40.0,Not charging,100,0.00,1,11729,4989,balanced
1784614449,4.49,13.98,852,3239,39.0,40.0,Not charging,100,0.00,1,11729,4989,balanced
1784614450,6.36,16.05,1245,2685,38.0,40.0,Not charging,100,0.00,1,11729,4989,balanced
1784614451,6.19,16.25,984,3402,40.0,40.0,Not charging,100,0.00,1,11729,4989,balanced
1784614452,4.80,14.26,1603,3312,39.0,40.0,Not charging,100,0.00,1,11729,4989,balanced
1784614453,14.78,27.79,2446,3491,58.0,40.0,Not charging,100,0.00,1,11729,4989,balanced
1784614454,9.40,21.05,1115,3399,45.0,40.0,Not charging,100,0.00,1,11734,4989,balanced
1784614455,4.17,13.40,872,3407,40.0,40.0,Not charging,100,0.00,1,11734,4989,balanced
1784614456,3.10,11.27,1001,3388,41.0,40.0,Not charging,100,0.00,1,11734,4989,balanced
1784614457,2.65,11.51,897,1802,37.0,40.0,Not charging,100,0.00,1,11734,4989,balanced
1784614458,3.31,11.81,659,1700,38.0,40.0,Not charging,100,0.00,1,11734,4989,balanced
1784614459,5.56,14.98,732,2685,39.0,40.0,Not charging,100,0.00,1,11734,4989,balanced
1784614460,2.94,11.51,1586,3400,45.0,40.0,Not charging,100,0.00,1,11734,4989,balanced
1784614461,3.73,12.44,505,2078,38.0,40.0,Not charging,100,0.00,1,11734,4989,balanced
1784614462,3.04,11.64,709,2530,38.0,40.0,Not charging,100,0.00,1,11734,4989,balanced
1784614463,11.59,22.94,1610,4587,81.0,40.0,Not charging,100,0.00,1,11736,4989,balanced
1784614464,6.13,15.55,1025,1804,40.0,40.0,Not charging,100,0.00,1,11736,4989,balanced
1784614465,4.74,14.00,996,3178,41.0,40.0,Not charging,100,0.00,1,11736,4989,balanced
1784614466,5.29,15.44,1084,2113,40.0,40.0,Not charging,100,0.00,1,11736,4989,balanced
1784614467,7.96,18.69,1200,3409,41.0,40.0,Not charging,100,0.00,1,11736,4989,balanced
1784614469,8.44,19.19,854,2132,40.0,40.0,Not charging,100,0.00,1,11736,4989,balanced
1784614470,6.53,16.39,900,1805,38.0,40.0,Not charging,100,0.00,1,11736,4989,balanced
1784614471,22.39,38.36,682,3385,41.0,40.0,Not charging,100,0.00,1,11749,4995,balanced
1784614472,4.07,13.40,705,3350,39.0,40.0,Not charging,100,0.00,1,11749,4995,balanced
1784614473,22.26,37.62,2365,4567,80.0,40.0,Not charging,100,0.00,1,11749,4995,balanced
1784614474,8.94,19.82,1098,3409,41.0,40.0,Not charging,100,0.00,1,11749,4995,balanced
1784614475,5.55,15.28,1000,2150,40.0,40.0,Not charging,100,0.00,1,11749,4995,balanced
1784614476,4.43,13.96,828,2172,39.0,40.0,Not charging,100,0.00,1,11749,4995,balanced
1784614477,4.82,13.62,1273,3398,41.0,40.0,Not charging,100,0.00,1,11749,4995,balanced
1784614478,6.13,15.98,1059,2392,41.0,40.0,Not charging,100,0.00,1,11749,4995,balanced
1784614479,3.66,11.10,888,3400,41.0,40.0,Not charging,100,0.00,1,11749,4995,balanced
1784614480,3.44,9.99,944,2082,38.0,40.0,Not charging,100,0.00,1,11749,4995,balanced
1784614481,2.63,8.23,881,3344,38.0,40.0,Not charging,100,0.00,1,11749,4995,balanced
1784614482,2.39,7.75,892,2488,38.0,40.0,Not charging,100,0.00,1,11749,4995,balanced
1784614483,3.05,8.73,1148,3387,40.0,40.0,Not charging,100,0.00,1,11749,4995,balanced
1784614484,6.53,13.58,1064,2472,39.0,40.0,Not charging,100,0.00,1,11749,4995,balanced
1784614485,4.86,12.22,715,1802,40.0,40.0,Not charging,100,0.00,1,11749,4995,balanced
1784614486,5.68,12.85,984,2248,40.0,40.0,Not charging,100,0.00,1,11749,4995,balanced
1784614488,4.33,11.47,1432,3222,40.0,41.0,Not charging,100,0.00,1,11749,4995,balanced
1784614489,4.19,10.68,893,3611,38.0,41.0,Not charging,100,0.00,1,11749,4995,balanced
1784614490,2.69,8.04,692,2481,40.0,41.0,Not charging,100,0.00,1,11749,4995,balanced
1784614491,2.95,8.71,602,1700,38.0,41.0,Not charging,100,0.00,1,11749,4995,balanced
1784614492,2.92,8.83,847,1884,38.0,40.0,Not charging,100,0.00,1,11749,4995,balanced
1784614493,4.26,10.70,904,4398,40.0,40.0,Not charging,100,0.00,1,11749,4995,balanced
1784614494,4.23,10.71,863,2820,40.0,40.0,Not charging,100,0.00,1,11749,4995,balanced
1784614495,4.12,10.84,947,3290,42.0,40.0,Not charging,100,0.00,1,11749,4995,balanced
1784614496,4.55,11.09,980,2364,40.0,40.0,Not charging,100,0.00,1,11749,4995,balanced
1784614497,3.91,10.24,1394,3344,40.0,40.0,Not charging,100,0.00,1,11749,4995,balanced
1784614498,4.91,12.38,1116,4253,38.0,40.0,Not charging,100,0.00,1,11749,4995,balanced
1784614499,4.04,10.32,1257,3554,40.0,40.0,Not charging,100,0.00,1,11749,4995,balanced
1784614500,4.47,11.01,1222,3396,40.0,40.0,Not charging,100,0.00,1,11749,4995,balanced
1784614501,4.86,12.39,1153,3212,38.0,40.0,Not charging,100,0.00,1,11749,4995,balanced
1784614502,4.48,11.16,992,3390,41.0,40.0,Not charging,100,0.00,1,11749,4995,balanced
1784614503,4.88,13.49,766,1905,40.0,40.0,Not charging,100,0.00,1,11749,4995,balanced
1784614504,3.82,12.99,656,2162,38.0,40.0,Not charging,100,0.00,1,11749,4995,balanced
1784614505,4.13,13.56,752,1891,38.0,40.0,Not charging,100,0.00,1,11749,4995,balanced
1784614506,18.77,34.02,2694,3770,68.0,40.0,Not charging,100,0.00,1,11749,4995,balanced
1784614508,15.73,29.59,1048,2010,40.0,40.0,Discharging,100,0.16,1,11752,4998,balanced
1784614509,4.63,14.23,1418,3395,42.0,40.0,Not charging,100,0.00,1,11752,4998,balanced
1784614510,4.68,13.81,990,3179,39.0,40.0,Not charging,100,0.00,1,11752,4998,balanced
1784614511,5.01,14.18,2016,4265,43.0,40.0,Not charging,100,0.00,1,11752,4998,balanced
1784614512,4.49,14.30,906,3183,41.0,40.0,Not charging,100,0.00,1,11752,4998,balanced
1784614513,4.88,14.35,1071,3271,41.0,40.0,Not charging,100,0.00,1,11752,4998,balanced
1784614514,4.59,15.08,1274,3400,44.0,40.0,Not charging,100,0.00,1,11752,4998,balanced
1784614515,4.92,14.20,1011,4499,39.0,40.0,Not charging,100,0.00,1,11752,4998,balanced
1784614516,6.60,16.76,1785,4700,45.0,40.0,Not charging,100,0.00,1,11752,4998,balanced
1784614517,3.99,12.89,878,1906,38.0,40.0,Not charging,100,0.00,1,11752,4998,balanced
1784614518,4.21,14.09,1083,2698,40.0,40.0,Not charging,100,0.00,1,11752,4998,balanced
1784614519,4.69,14.06,1867,3390,43.0,40.0,Not charging,100,0.00,1,11752,4998,balanced
1784614520,5.68,15.54,904,3181,43.0,40.0,Not charging,100,0.00,1,11752,4998,balanced
1784614521,4.30,13.52,1168,3387,42.0,40.0,Not charging,100,0.00,1,11752,4998,balanced
1784614522,4.06,12.20,968,3379,41.0,40.0,Not charging,100,0.00,1,11752,4998,balanced
1784614523,5.20,12.24,1278,4070,40.0,40.0,Not charging,100,0.00,1,11752,4998,balanced
1784614524,5.27,12.83,1247,2692,39.0,40.0,Not charging,100,0.00,1,11752,4998,balanced
1784614525,5.15,11.96,880,1794,38.0,40.0,Not charging,100,0.00,1,11752,4998,balanced
1784614526,4.74,12.00,870,1600,38.0,40.0,Not charging,100,0.00,1,11752,4998,balanced
1784614527,4.44,11.24,888,2057,38.0,40.0,Not charging,100,0.00,1,11752,4998,balanced
1784614529,4.93,12.25,899,2805,38.0,40.0,Not charging,100,0.00,1,11752,4998,balanced
1784614530,4.09,11.32,543,1724,38.0,40.0,Not charging,100,0.00,1,11752,4998,balanced
1784614531,3.13,11.85,645,3121,41.0,40.0,Not charging,100,0.00,1,11752,4998,balanced
1784614532,6.31,16.56,1195,3361,40.0,40.0,Not charging,100,0.00,1,11752,4998,balanced
1784614533,5.48,15.61,1120,2735,38.0,40.0,Not charging,100,0.00,1,11752,4998,balanced
1784614534,14.19,27.18,714,1700,41.0,40.0,Not charging,100,0.00,1,11752,4998,balanced
1784614535,6.77,16.99,1532,3669,42.0,40.0,Not charging,100,0.00,1,11752,4998,balanced
1784614536,4.33,13.45,883,1913,38.0,40.0,Not charging,100,0.00,1,11752,4998,balanced
1784614537,5.51,15.28,900,1540,40.0,40.0,Not charging,100,0.00,1,11752,4998,balanced
1784614538,5.91,15.85,1444,2958,39.0,40.0,Not charging,100,0.00,1,11752,4998,balanced
1784614539,4.26,13.53,608,3397,38.0,40.0,Not charging,100,0.00,1,11752,4998,balanced
1784614540,4.61,13.89,793,2046,39.0,40.0,Not charging,100,0.00,1,11752,4998,balanced
1784614541,5.87,15.84,695,3011,38.0,40.0,Not charging,100,0.00,1,11752,4998,balanced
1784614542,9.31,20.79,866,1600,41.0,40.0,Not charging,100,0.00,1,11752,4998,balanced
1784614543,5.28,15.62,1221,2836,40.0,40.0,Discharging,100,0.09,1,11752,4998,balanced
1784614544,9.18,20.36,2641,3800,66.0,40.0,Not charging,100,0.00,1,11752,4998,balanced
1784614545,13.83,27.09,1009,3388,41.0,40.0,Discharging,100,0.11,1,11754,5000,balanced
1784614546,6.00,14.41,2469,3963,50.0,40.0,Discharging,100,0.11,1,11754,5000,balanced
1784614548,27.63,44.36,2266,4294,65.0,40.0,Not charging,100,0.00,1,11759,5000,balanced
1784614549,23.98,39.59,2437,3222,55.0,40.0,Not charging,100,0.00,1,11759,5000,balanced
1784614550,20.62,36.08,1363,3430,43.0,40.0,Not charging,100,0.00,1,11759,5000,balanced
1784614551,8.58,19.42,1486,3857,42.0,40.0,Not charging,100,0.00,1,11759,5000,balanced
1784614552,7.08,17.92,1310,3728,43.0,40.0,Not charging,100,0.00,1,11759,5000,balanced
1784614553,6.74,17.20,1171,3417,43.0,40.0,Not charging,100,0.00,1,11759,5000,balanced
1784614554,5.68,16.09,685,3354,42.0,40.0,Not charging,100,0.00,1,11759,5000,balanced
1784614555,15.59,28.46,2369,4700,65.0,40.0,Not charging,100,0.00,1,11773,5007,balanced
1784614556,9.48,20.34,1382,3020,45.0,40.0,Not charging,100,0.00,1,11778,5008,balanced
1784614557,5.73,15.71,1113,3234,43.0,40.0,Not charging,100,0.00,1,11778,5008,balanced
1784614558,19.96,34.68,790,1827,44.0,40.0,Not charging,100,0.00,1,11796,5021,balanced
1784614559,4.81,14.33,1374,2673,41.0,40.0,Not charging,100,0.00,1,11796,5021,balanced
1784614560,5.77,15.64,999,3398,40.0,40.0,Not charging,100,0.00,1,11796,5021,balanced
1784614561,3.18,11.57,532,1600,40.0,41.0,Not charging,100,0.00,1,11796,5021,balanced
1784614562,10.61,21.84,2185,4462,52.0,41.0,Not charging,100,0.00,1,11796,5021,balanced
1784614563,33.11,53.88,2417,3299,63.0,41.0,Not charging,100,0.00,1,11799,5024,balanced
1784614564,33.76,54.49,2742,3800,72.0,41.0,Discharging,100,0.29,1,11799,5024,balanced
1784614565,28.61,47.75,3162,3806,79.0,41.0,Not charging,100,0.00,1,11805,5030,balanced
1784614566,29.01,48.59,2716,4002,72.0,41.0,Discharging,100,0.16,1,11811,5034,balanced
1784614567,14.84,28.28,2006,4121,52.0,41.0,Not charging,100,0.00,1,11811,5034,balanced
1784614568,10.98,22.96,973,2406,45.0,41.0,Not charging,100,0.00,1,11811,5034,balanced
1784614570,6.26,15.95,2042,3780,46.0,41.0,Not charging,100,0.00,1,11811,5034,balanced
1784614571,18.94,34.10,2787,3826,79.0,41.0,Not charging,100,0.00,1,11812,5035,balanced
1784614572,15.27,28.55,1297,4700,46.0,42.0,Not charging,100,0.00,1,11813,5035,balanced
1784614573,22.34,37.74,2806,4259,60.0,42.0,Not charging,100,0.00,1,11816,5038,balanced
1784614574,14.78,28.37,1356,3435,46.0,42.0,Not charging,100,0.00,1,11820,5038,balanced
1784614575,8.73,19.59,1096,2952,46.0,42.0,Not charging,100,0.00,1,11820,5038,balanced
1784614576,7.16,17.35,827,2033,43.0,42.0,Not charging,100,0.00,1,11820,5038,balanced
1784614577,8.83,19.71,1147,2696,50.0,42.0,Not charging,100,0.00,1,11820,5038,balanced
1784614578,31.46,50.61,2708,4593,91.0,42.0,Not charging,100,0.00,1,11848,5049,balanced
1784614579,25.36,40.83,2032,4258,68.0,42.0,Not charging,100,0.00,1,11871,5051,balanced
1784614580,8.20,15.58,891,2087,42.0,42.0,Discharging,100,0.05,1,11879,5051,balanced
1784614581,5.00,11.78,1155,2520,42.0,42.0,Not charging,100,0.00,1,11879,5051,balanced
1784614582,3.74,9.45,940,2325,43.0,42.0,Not charging,100,0.00,1,11879,5051,balanced
1784614583,4.57,11.29,702,1740,42.0,43.0,Not charging,100,0.00,1,11879,5051,balanced
1784614584,4.91,12.20,738,3297,43.0,43.0,Not charging,100,0.00,1,11879,5051,balanced
1784614585,2.81,8.48,565,2089,41.0,43.0,Not charging,100,0.00,1,11879,5051,balanced
1784614586,3.20,12.59,570,1700,42.0,43.0,Not charging,100,0.00,1,11879,5051,balanced
1784614587,7.21,17.56,1123,3403,45.0,43.0,Not charging,100,0.00,1,11879,5051,balanced
1784614588,4.50,14.19,653,2759,41.0,43.0,Discharging,100,0.06,1,11879,5051,balanced
1784614589,4.28,13.39,958,3321,42.0,43.0,Not charging,100,0.00,1,11879,5051,balanced
1784614591,11.49,23.37,1476,3342,45.0,43.0,Not charging,100,0.00,1,11879,5051,balanced
1784614592,5.10,14.64,1318,4171,43.0,43.0,Not charging,100,0.00,1,11879,5051,balanced
1784614593,5.24,16.05,2303,3678,47.0,43.0,Not charging,100,0.00,1,11879,5051,balanced
1784614594,22.46,37.68,2287,3922,48.0,43.0,Not charging,100,0.00,1,11881,5052,balanced
1784614595,14.37,27.41,1610,3404,43.0,43.0,Not charging,100,0.00,1,11881,5052,balanced
1784614596,9.69,20.65,932,1800,41.0,43.0,Not charging,100,0.00,1,11881,5052,balanced
1784614597,12.63,24.82,2787,3804,86.0,43.0,Discharging,100,0.04,1,11884,5055,balanced
1784614598,19.20,33.61,933,2133,42.0,43.0,Not charging,100,0.00,1,11885,5056,balanced
1784614599,10.68,22.03,1630,4275,43.0,43.0,Discharging,100,0.02,1,11885,5056,balanced
1784614600,5.75,15.46,2178,3665,54.0,43.0,Not charging,100,0.00,1,11885,5056,balanced
1784614601,28.53,45.51,1670,3193,47.0,43.0,Not charging,100,0.00,1,11900,5058,balanced
1784614602,7.37,17.71,1259,3399,45.0,43.0,Not charging,100,0.00,1,11900,5058,balanced
1784614603,5.77,15.43,1330,3387,44.0,43.0,Not charging,100,0.00,1,11900,5058,balanced
1784614604,27.78,43.47,1226,2244,46.0,43.0,Not charging,100,0.00,1,11910,5060,balanced
1784614605,7.36,15.00,785,1800,42.0,43.0,Not charging,100,0.00,1,11910,5060,balanced
1784614606,4.25,11.13,1532,3264,47.0,43.0,Not charging,100,0.00,1,11910,5060,balanced
1784614607,7.26,14.80,1170,2738,42.0,43.0,Not charging,100,0.00,1,11910,5060,balanced
1784614608,7.42,15.55,807,1701,43.0,43.0,Not charging,100,0.00,1,11910,5060,balanced
1784614609,19.14,31.18,2650,2900,76.0,43.0,Not charging,100,0.02,1,11910,5060,balanced
1784614610,35.87,53.43,2626,3800,67.0,43.0,Discharging,100,0.02,1,11940,5070,balanced
1784614612,30.89,45.37,2465,4347,69.0,43.0,Not charging,100,0.00,1,12023,5082,balanced
1784614613,31.14,47.04,3036,3800,82.0,43.0,Discharging,100,0.04,1,12043,5087,balanced
1784614614,38.24,55.94,2897,3782,79.0,43.0,Not charging,100,0.00,1,12095,5100,balanced
1784614615,34.11,51.67,2151,4158,76.0,43.0,Not charging,100,0.00,1,12123,5115,balanced
1784614616,29.34,43.42,1413,3170,54.0,43.0,Not charging,100,0.00,1,12138,5115,balanced
1784614617,11.40,20.74,1500,2968,47.0,43.0,Not charging,100,0.00,1,12138,5115,balanced
1784614618,8.71,16.86,1305,3011,46.0,43.0,Not charging,100,0.00,1,12138,5115,balanced
1784614619,8.64,16.98,1366,2997,49.0,43.0,Not charging,100,0.00,1,12138,5115,balanced
1784614620,9.89,18.64,999,3317,45.0,43.0,Not charging,100,0.00,1,12138,5115,balanced
1784614621,4.45,11.23,1884,3619,48.0,44.0,Not charging,100,0.00,1,12138,5115,balanced
1784614622,5.00,11.54,882,1814,42.0,44.0,Not charging,100,0.00,1,12138,5115,balanced
1784614623,15.66,25.86,965,1777,46.0,44.0,Not charging,100,0.00,1,12138,5115,balanced
1784614624,6.50,14.90,2627,4063,61.0,44.0,Not charging,100,0.00,1,12138,5115,balanced
1784614625,10.64,20.14,1566,4079,48.0,44.0,Not charging,100,0.00,1,12138,5115,balanced
1784614626,5.73,12.95,1201,3293,44.0,44.0,Not charging,100,0.00,1,12138,5115,balanced
1784614627,4.28,10.48,1365,2752,51.0,44.0,Not charging,100,0.00,1,12138,5115,balanced
1784614628,9.61,18.51,1772,4197,50.0,44.0,Not charging,100,0.00,1,12138,5115,balanced
1784614629,7.02,14.31,1104,2696,43.0,44.0,Not charging,100,0.00,1,12138,5115,balanced
1784614630,6.06,13.21,1321,3300,49.0,44.0,Not charging,100,0.00,1,12138,5115,balanced
1784614631,13.38,22.90,1039,2372,46.0,44.0,Not charging,100,0.00,1,12138,5115,balanced
1784614633,9.25,17.88,1829,3398,48.0,44.0,Not charging,100,0.00,1,12138,5115,balanced
1784614634,7.29,15.33,1111,3292,44.0,44.0,Not charging,100,0.00,1,12138,5115,balanced
1784614635,6.79,13.95,1218,1900,45.0,44.0,Not charging,100,0.00,1,12138,5115,balanced
1784614636,9.72,18.32,1583,4087,50.0,44.0,Not charging,100,0.00,1,12138,5115,balanced
1784614637,10.82,19.64,2014,4374,49.0,44.0,Not charging,100,0.00,1,12138,5115,balanced
1784614638,12.18,21.42,1428,3391,61.0,44.0,Not charging,100,0.00,1,12138,5115,balanced
1784614639,12.84,22.47,1941,3410,49.0,44.0,Not charging,100,0.00,1,12138,5115,balanced
1784614640,13.16,22.34,1656,2628,49.0,44.0,Not charging,100,0.00,1,12138,5115,balanced
1784614641,9.37,18.46,1726,3398,47.0,44.0,Not charging,100,0.00,1,12138,5115,balanced
1784614642,13.19,22.94,2127,4371,60.0,44.0,Not charging,100,0.00,1,12138,5115,balanced
1784614643,9.52,17.89,763,2257,45.0,44.0,Not charging,100,0.00,1,12138,5115,balanced
1784614644,10.66,19.64,1929,3678,50.0,44.0,Not charging,100,0.00,1,12138,5115,balanced
1784614645,10.42,19.19,1535,3861,52.0,44.0,Not charging,100,0.00,1,12138,5115,balanced
1784614646,11.18,20.16,2039,3971,60.0,44.0,Not charging,100,0.00,1,12138,5115,balanced
1784614647,7.46,15.22,2193,3708,49.0,44.0,Not charging,100,0.00,1,12138,5115,balanced
1784614648,6.42,13.90,1317,3913,42.0,44.0,Not charging,100,0.00,1,12138,5115,balanced
1784614649,10.32,18.68,2568,3800,82.0,44.0,Not charging,100,0.00,1,12138,5115,balanced
1784614650,25.93,38.93,685,1800,45.0,44.0,Not charging,100,0.00,1,12145,5118,balanced
1784614651,12.15,21.22,2145,3900,48.0,44.0,Not charging,100,0.00,1,12145,5118,balanced
1784614652,7.98,15.99,1579,3400,49.0,44.0,Not charging,100,0.00,1,12145,5118,balanced
1784614653,7.46,14.76,1868,4075,54.0,44.0,Not charging,100,0.00,1,12145,5118,balanced
1784614654,11.32,20.40,1468,3400,48.0,44.0,Not charging,100,0.00,1,12145,5118,balanced
1784614655,13.04,22.64,931,3375,45.0,44.0,Not charging,100,0.00,1,12145,5118,balanced
1784614657,9.61,18.44,889,2114,45.0,44.0,Not charging,100,0.00,1,12145,5118,balanced
1784614658,5.03,11.64,1140,3059,45.0,44.0,Not charging,100,0.00,1,12145,5118,balanced
1784614659,21.12,34.26,1311,3403,50.0,44.0,Not charging,100,0.00,1,12145,5118,balanced
1784614660,20.49,33.35,2021,3549,56.0,44.0,Discharging,100,0.08,1,12147,5120,balanced
1784614661,23.26,37.78,1672,3975,78.0,44.0,Not charging,100,0.00,1,12150,5123,balanced
1784614662,21.23,35.07,2038,3956,68.0,44.0,Not charging,100,0.00,1,12150,5123,balanced
1784614663,12.84,23.26,1408,3400,49.0,44.0,Not charging,100,0.00,1,12150,5123,balanced
1784614664,8.19,16.42,1060,2412,43.0,44.0,Not charging,100,0.00,1,12150,5123,balanced
1784614665,4.95,11.70,1514,3593,43.0,44.0,Not charging,100,0.00,1,12150,5123,balanced
1784614666,5.28,12.27,559,1706,42.0,44.0,Not charging,100,0.00,1,12150,5123,balanced
1784614667,2.82,8.57,787,3286,43.0,44.0,Not charging,100,0.00,1,12150,5123,balanced
1784614668,2.82,8.19,874,3404,42.0,44.0,Not charging,100,0.00,1,12150,5123,balanced
1784614669,4.08,10.09,1425,3401,44.0,44.0,Not charging,100,0.00,1,12150,5123,balanced
1784614670,5.19,12.05,1496,3317,42.0,44.0,Not charging,100,0.00,1,12150,5123,balanced
1784614671,4.51,11.43,911,2817,42.0,44.0,Not charging,100,0.00,1,12150,5123,balanced
1784614672,16.44,27.26,1001,3005,47.0,44.0,Not charging,100,0.11,1,12159,5125,balanced
1784614673,4.61,11.00,1045,3399,43.0,44.0,Discharging,100,0.11,1,12159,5125,balanced
1784614674,3.25,9.01,638,3400,43.0,44.0,Not charging,100,0.00,1,12159,5125,balanced
1784614675,2.93,8.15,1276,4451,43.0,44.0,Not charging,100,0.00,1,12159,5125,balanced
1784614676,3.12,8.63,638,1800,42.0,44.0,Not charging,100,0.00,1,12159,5125,balanced
1784614678,4.11,11.35,2217,4369,52.0,44.0,Not charging,100,0.00,1,12159,5125,balanced
1784614679,9.02,18.33,823,2509,42.0,44.0,Not charging,100,0.00,1,12159,5125,balanced
1784614680,7.62,15.72,1888,4113,49.0,44.0,Not charging,100,0.00,1,12159,5125,balanced
1784614681,9.71,19.20,1080,3400,44.0,44.0,Not charging,100,0.00,1,12159,5125,balanced
1784614682,9.25,17.69,1360,3355,44.0,44.0,Not charging,100,0.00,1,12159,5125,balanced
1784614683,8.55,16.46,777,2387,41.0,44.0,Not charging,100,0.00,1,12159,5125,balanced
1784614684,7.51,15.61,1991,3768,48.0,44.0,Not charging,100,0.00,1,12159,5125,balanced
1784614685,9.59,18.82,1743,3441,50.0,43.0,Not charging,100,0.00,1,12159,5125,balanced
1784614686,5.02,12.00,1245,1815,42.0,43.0,Not charging,100,0.00,1,12159,5125,balanced
1784614687,4.32,10.80,831,1813,41.0,43.0,Not charging,100,0.00,1,12159,5125,balanced
1784614688,5.55,12.68,1046,3310,42.0,43.0,Not charging,100,0.00,1,12159,5125,balanced
1784614689,6.41,13.61,1427,2744,41.0,43.0,Not charging,100,0.00,1,12159,5125,balanced
1784614690,7.07,15.34,2732,3800,53.0,43.0,Not charging,100,0.00,1,12159,5125,balanced
1784614691,9.00,17.40,726,1805,41.0,43.0,Not charging,100,0.00,1,12159,5125,balanced
1784614692,5.56,12.03,1258,3400,44.0,43.0,Not charging,100,0.00,1,12159,5125,balanced
1784614693,4.35,11.04,1184,3849,44.0,43.0,Not charging,100,0.00,1,12159,5125,balanced
1784614694,4.12,10.50,1265,3376,44.0,43.0,Not charging,100,0.00,1,12159,5125,balanced
1784614695,4.34,10.57,853,2679,42.0,43.0,Not charging,100,0.00,1,12159,5125,balanced
1784614696,4.09,10.09,1224,3397,42.0,43.0,Not charging,100,0.00,1,12159,5125,balanced
1784614697,5.32,11.94,797,2316,41.0,43.0,Not charging,100,0.00,1,12159,5125,balanced
1784614699,11.82,20.70,1194,3400,44.0,43.0,Not charging,100,0.00,1,12159,5125,balanced
1784614700,6.37,13.54,1670,4143,48.0,43.0,Not charging,100,0.00,1,12159,5125,balanced
1784614701,6.09,13.45,1681,3379,46.0,43.0,Not charging,100,0.00,1,12159,5125,balanced
1784614702,5.81,12.87,782,2106,41.0,43.0,Not charging,100,0.00,1,12159,5125,balanced
1784614703,4.26,10.71,614,3399,41.0,43.0,Not charging,100,0.00,1,12159,5125,balanced
1784614704,4.28,10.56,828,3065,41.0,43.0,Not charging,100,0.00,1,12159,5125,balanced
1784614705,3.83,9.76,666,3383,43.0,43.0,Not charging,100,0.00,1,12159,5125,balanced
1784614706,6.95,14.27,1301,4105,45.0,43.0,Not charging,100,0.00,1,12159,5125,balanced
1784614707,6.57,14.14,1011,3388,47.0,43.0,Not charging,100,0.00,1,12159,5125,balanced
1784614708,4.69,11.43,1172,3305,42.0,43.0,Not charging,100,0.00,1,12159,5125,balanced
1784614709,4.57,11.15,875,2715,40.0,43.0,Not charging,100,0.00,1,12159,5125,balanced
1784614710,4.01,10.23,1051,2097,41.0,43.0,Not charging,100,0.00,1,12159,5125,balanced
1784614711,4.36,11.05,1447,3382,44.0,42.0,Not charging,100,0.00,1,12159,5125,balanced
1784614712,7.42,15.28,812,1707,41.0,42.0,Not charging,100,0.00,1,12159,5125,balanced
1784614713,4.30,10.61,1182,2318,45.0,42.0,Not charging,100,0.00,1,12159,5125,balanced
1784614714,7.12,16.28,856,1500,41.0,42.0,Not charging,100,0.00,1,12159,5125,balanced
1784614715,6.83,17.18,764,3340,41.0,42.0,Not charging,100,0.00,1,12159,5125,balanced
1784614716,6.34,16.12,772,2715,41.0,42.0,Not charging,100,0.00,1,12159,5125,balanced
1784614717,6.54,16.32,1273,3351,42.0,42.0,Not charging,100,0.00,1,12159,5125,balanced
1784614719,7.84,18.54,1639,3400,45.0,42.0,Not charging,100,0.00,1,12159,5125,balanced
1784614720,5.29,14.88,1381,3360,44.0,42.0,Not charging,100,0.00,1,12159,5125,balanced
1784614721,3.72,12.56,643,3366,42.0,42.0,Not charging,100,0.00,1,12159,5125,balanced
1784614722,4.41,13.52,1214,3399,43.0,42.0,Not charging,100,0.00,1,12159,5125,balanced
1784614723,3.96,12.85,950,3398,40.0,42.0,Not charging,100,0.00,1,12159,5125,balanced
1784614724,5.24,14.91,2594,3807,50.0,42.0,Not charging,100,0.00,1,12159,5125,balanced
1784614725,9.00,20.07,939,2546,41.0,42.0,Not charging,100,0.00,1,12159,5125,balanced
1784614726,4.41,13.73,972,3226,41.0,42.0,Not charging,100,0.00,1,12159,5125,balanced
1784614727,5.82,15.85,1272,3365,41.0,42.0,Not charging,100,0.00,1,12159,5125,balanced
1784614728,4.25,13.05,1569,2657,40.0,42.0,Not charging,100,0.00,1,12159,5125,balanced
1784614729,5.16,14.58,1029,3435,41.0,42.0,Not charging,100,0.00,1,12159,5125,balanced
1784614730,4.22,12.68,866,3390,43.0,42.0,Not charging,100,0.00,1,12159,5125,balanced
1784614731,4.58,11.69,637,2132,40.0,42.0,Not charging,100,0.00,1,12159,5125,balanced
1784614732,4.58,11.15,1881,3390,41.0,42.0,Not charging,100,0.00,1,12159,5125,balanced
1784614733,11.81,20.77,1295,4503,41.0,42.0,Not charging,100,0.00,1,12169,5125,balanced
1784614734,4.86,11.27,893,3276,40.0,42.0,Not charging,100,0.00,1,12169,5125,balanced
1784614735,4.90,11.70,897,2165,41.0,42.0,Not charging,100,0.00,1,12169,5125,balanced
1784614736,8.33,16.31,968,2027,43.0,42.0,Not charging,100,0.00,1,12169,5125,balanced
1784614737,4.91,11.56,1356,3372,41.0,42.0,Not charging,100,0.00,1,12169,5125,balanced
1784614738,5.69,12.90,1059,3403,44.0,42.0,Not charging,100,0.00,1,12169,5125,balanced
1784614740,3.06,9.10,701,2311,40.0,42.0,Not charging,100,0.00,1,12169,5125,balanced
1784614741,4.48,10.86,2537,3807,65.0,42.0,Not charging,100,0.00,1,12169,5125,balanced
1784614742,11.85,21.19,1220,3396,43.0,42.0,Not charging,100,0.00,1,12183,5125,balanced
1784614743,4.76,11.08,2146,3823,47.0,42.0,Not charging,100,0.00,1,12183,5125,balanced
1784614744,8.81,17.26,1495,3547,44.0,42.0,Not charging,100,0.00,1,12183,5125,balanced
1784614745,6.11,14.21,733,2847,41.0,42.0,Not charging,100,0.00,1,12183,5125,balanced
1784614746,6.08,13.99,530,1500,40.0,42.0,Not charging,100,0.00,1,12183,5125,balanced
1784614747,4.67,11.35,830,1927,41.0,42.0,Not charging,100,0.00,1,12183,5125,balanced
1784614748,13.96,23.36,1153,3839,41.0,42.0,Not charging,100,0.00,1,12189,5125,balanced
1784614749,5.02,12.59,752,1500,41.0,42.0,Not charging,100,0.00,1,12189,5125,balanced
1784614750,4.65,13.90,1093,3388,42.0,42.0,Not charging,100,0.00,1,12189,5125,balanced
1784614751,5.94,15.71,609,3044,41.0,42.0,Not charging,100,0.00,1,12189,5125,balanced
1784614752,3.68,12.08,1254,3424,43.0,42.0,Not charging,100,0.00,1,12189,5125,balanced
1784614753,18.11,31.93,1453,3383,43.0,42.0,Not charging,100,0.00,1,12189,5125,balanced
1784614754,7.34,18.18,2114,3290,43.0,42.0,Not charging,100,0.00,1,12189,5125,balanced
1784614755,5.09,14.79,1356,3959,42.0,42.0,Not charging,100,0.00,1,12189,5125,balanced
1784614756,6.08,16.40,584,1848,40.0,42.0,Not charging,100,0.00,1,12189,5125,balanced
1784614757,5.24,15.49,1023,2433,41.0,42.0,Not charging,100,0.00,1,12189,5125,balanced
1784614758,5.73,15.67,2205,3800,55.0,42.0,Not charging,100,0.00,1,12189,5125,balanced
1784614760,6.52,17.10,782,3352,43.0,42.0,Not charging,100,0.00,1,12189,5125,balanced
1784614761,5.44,15.29,529,1776,41.0,42.0,Not charging,100,0.00,1,12189,5125,balanced
1784614762,8.12,19.29,831,1601,40.0,42.0,Not charging,100,0.00,1,12189,5125,balanced
1784614763,8.25,18.81,1094,3032,41.0,42.0,Not charging,100,0.00,1,12189,5125,balanced
1784614764,4.25,12.92,1016,2778,40.0,42.0,Not charging,100,0.00,1,12189,5125,balanced
1784614765,11.24,22.44,508,1921,40.0,42.0,Not charging,100,0.00,1,12189,5125,balanced
1784614766,2.62,10.42,827,3331,40.0,42.0,Not charging,100,0.00,1,12189,5125,balanced
1784614767,3.36,11.84,778,2905,39.0,42.0,Not charging,100,0.00,1,12189,5125,balanced
1784614768,7.42,18.09,1079,2871,40.0,42.0,Not charging,100,0.00,1,12189,5125,balanced
1784614769,4.47,13.41,1122,4091,41.0,42.0,Not charging,100,0.00,1,12189,5125,balanced
1784614770,8.56,19.61,1439,4132,43.0,42.0,Not charging,100,0.00,1,12189,5125,balanced
1784614771,6.37,15.55,826,1610,40.0,42.0,Not charging,100,0.00,1,12189,5125,balanced
1784614772,4.50,11.01,932,1992,40.0,42.0,Not charging,100,0.00,1,12189,5125,balanced
1784614773,4.56,10.89,1273,4370,42.0,42.0,Not charging,100,0.00,1,12189,5125,balanced
1784614774,4.55,10.81,630,1700,38.0,42.0,Not charging,100,0.00,1,12189,5125,balanced
1784614775,3.31,8.96,1232,3193,40.0,42.0,Not charging,100,0.00,1,12189,5125,balanced
1784614776,3.10,10.96,889,1792,39.0,42.0,Not charging,100,0.00,1,12189,5125,balanced
1784614778,3.09,11.46,848,3397,38.0,42.0,Not charging,100,0.00,1,12189,5125,balanced
1784614779,5.09,13.69,1173,3400,41.0,42.0,Not charging,100,0.00,1,12189,5125,balanced
1784614780,4.16,12.88,630,1800,40.0,42.0,Not charging,100,0.00,1,12189,5125,balanced
1784614781,16.31,29.14,2297,3600,47.0,41.0,Not charging,100,0.00,1,12189,5125,balanced
1784614782,14.55,26.56,1118,3400,44.0,41.0,Not charging,100,0.00,1,12209,5131,balanced
1784614783,16.18,28.85,1156,3000,43.0,41.0,Not charging,100,0.00,1,12209,5131,balanced
1784614784,9.08,20.07,1918,3978,69.0,41.0,Not charging,100,0.00,1,12209,5131,balanced
1784614785,12.55,24.23,1293,3787,59.0,41.0,Not charging,100,0.00,1,12209,5131,balanced
1784614786,10.44,21.68,1070,1801,40.0,41.0,Not charging,100,0.00,1,12209,5131,balanced
1784614787,4.95,14.45,854,3124,40.0,41.0,Not charging,100,0.00,1,12209,5131,balanced
1784614788,7.07,17.38,962,3394,44.0,41.0,Not charging,100,0.00,1,12209,5131,balanced
1784614789,6.05,15.85,1223,3407,43.0,41.0,Not charging,100,0.00,1,12209,5131,balanced
1784614790,4.78,13.86,1123,3790,40.0,41.0,Not charging,100,0.00,1,12209,5131,balanced
1784614791,3.60,12.00,683,1883,39.0,41.0,Not charging,100,0.00,1,12209,5131,balanced
1784614792,2.85,11.24,593,1936,40.0,41.0,Not charging,100,0.00,1,12209,5131,balanced
1784614793,2.79,10.94,643,2596,44.0,41.0,Not charging,100,0.00,1,12209,5131,balanced
1784614794,2.79,10.63,944,3399,41.0,41.0,Not charging,100,0.00,1,12209,5131,balanced
1784614795,3.15,11.20,1311,2743,39.0,41.0,Not charging,100,0.00,1,12209,5131,balanced
1784614796,3.75,12.12,587,1609,39.0,41.0,Not charging,100,0.00,1,12209,5131,balanced
1784614797,7.27,17.00,1664,4700,61.0,41.0,Not charging,100,0.00,1,12209,5131,balanced
1784614799,17.59,31.00,969,2271,41.0,41.0,Not charging,100,0.00,1,12213,5135,balanced
1784614800,8.69,19.17,1906,3996,49.0,41.0,Not charging,100,0.00,1,12213,5135,balanced
1784614801,13.04,25.19,1060,3400,44.0,41.0,Not charging,100,0.00,1,12213,5135,balanced
1784614802,8.56,18.59,1632,4000,82.0,41.0,Not charging,100,0.00,1,12213,5135,balanced
1784614803,14.34,26.82,905,1888,42.0,41.0,Not charging,100,0.00,1,12220,5135,balanced
1784614804,15.47,28.15,1657,3800,56.0,41.0,Not charging,100,0.00,1,12226,5141,balanced
1784614805,30.51,48.20,2471,4546,92.0,41.0,Not charging,100,0.00,1,12235,5142,balanced
1784614806,24.34,39.40,1199,2403,45.0,41.0,Not charging,100,0.00,1,12248,5155,balanced
1784614807,4.25,12.96,1307,2854,46.0,41.0,Not charging,100,0.00,1,12248,5155,balanced
1784614808,4.69,14.03,1356,4433,48.0,41.0,Not charging,100,0.00,1,12248,5155,balanced
1784614809,4.35,13.28,1049,1863,40.0,41.0,Not charging,100,0.00,1,12248,5155,balanced
1784614810,6.50,16.15,804,3328,40.0,41.0,Not charging,100,0.00,1,12248,5155,balanced
1784614811,2.96,11.03,989,3411,41.0,41.0,Not charging,100,0.00,1,12248,5155,balanced
1784614812,3.68,12.39,1123,4476,40.0,41.0,Not charging,100,0.00,1,12248,5155,balanced
1784614813,3.81,12.41,813,2975,40.0,41.0,Not charging,100,0.00,1,12248,5155,balanced
1784614814,23.98,39.53,1837,4000,64.0,41.0,Not charging,100,0.00,1,12254,5157,balanced
1784614815,35.73,55.94,3366,3800,74.0,41.0,Discharging,100,0.29,1,12258,5157,balanced
1784614816,34.78,55.77,2238,3800,90.0,41.0,Not charging,100,0.00,1,12265,5160,balanced
1784614817,35.71,56.07,2115,3800,78.0,41.0,Not charging,100,0.00,1,12284,5165,balanced
1784614818,25.42,41.38,2054,4131,56.0,41.0,Not charging,100,0.00,1,12327,5180,balanced
1784614819,22.24,36.51,1057,3399,50.0,41.0,Not charging,100,0.00,1,12345,5180,balanced
1784614821,6.37,15.91,799,1704,41.0,42.0,Not charging,100,0.00,1,12346,5181,balanced
1784614822,21.25,36.73,2661,4037,78.0,42.0,Not charging,100,0.00,1,12355,5186,balanced
1784614823,10.64,22.59,1188,3499,57.0,42.0,Not charging,100,0.00,1,12356,5187,balanced
1784614824,25.90,42.79,2331,3852,60.0,42.0,Not charging,100,0.00,1,12361,5192,balanced
1784614825,27.84,46.31,2549,3981,76.0,42.0,Not charging,100,0.00,1,12400,5195,balanced
1784614826,29.37,47.40,1707,3643,55.0,42.0,Not charging,100,0.00,1,12420,5208,balanced
1784614827,7.23,17.24,1522,3392,47.0,42.0,Not charging,100,0.00,1,12420,5208,balanced
1784614828,15.43,27.96,2911,3800,90.0,42.0,Not charging,100,0.00,1,12432,5212,balanced
1784614829,7.81,18.29,1005,3350,44.0,42.0,Not charging,100,0.00,1,12433,5212,balanced
1784614830,24.78,39.28,1660,3977,69.0,43.0,Not charging,100,0.00,1,12445,5219,balanced
1784614831,35.66,53.84,2530,3800,77.0,43.0,Discharging,100,0.29,1,12453,5223,balanced
1784614832,20.86,33.88,766,1770,47.0,43.0,Discharging,100,0.04,1,12471,5225,balanced
1784614833,3.26,8.88,661,2085,42.0,43.0,Not charging,100,0.00,1,12471,5225,balanced
1784614834,3.41,9.44,595,2040,42.0,43.0,Not charging,100,0.00,1,12471,5225,balanced
1784614835,5.71,16.12,849,3436,48.0,43.0,Not charging,100,0.00,1,12471,5225,balanced
1784614836,4.29,13.67,481,1700,43.0,44.0,Not charging,100,0.00,1,12471,5225,balanced
1784614837,3.87,12.53,772,2164,43.0,44.0,Not charging,100,0.00,1,12471,5225,balanced
1784614838,17.18,30.56,640,2079,46.0,44.0,Not charging,100,0.00,1,12471,5225,balanced
1784614839,6.22,16.08,895,3067,45.0,44.0,Discharging,100,0.02,1,12471,5225,balanced
1784614840,6.42,15.75,663,3396,44.0,44.0,Not charging,100,0.00,1,12471,5225,balanced
1784614842,2.92,11.12,1039,4489,54.0,44.0,Not charging,100,0.00,1,12471,5225,balanced
1784614843,3.91,12.49,737,3374,42.0,44.0,Not charging,100,0.00,1,12471,5225,balanced
1784614844,2.89,11.19,1119,3069,45.0,44.0,Not charging,100,0.00,1,12471,5225,balanced
1784614845,15.92,29.17,2538,3800,73.0,44.0,Not charging,100,0.00,1,12477,5225,balanced
1784614846,5.86,15.60,787,2993,43.0,44.0,Not charging,100,0.00,1,12477,5225,balanced
1784614847,4.86,15.14,727,1603,41.0,44.0,Not charging,100,0.00,1,12477,5225,balanced
1784614848,3.07,11.78,710,3186,43.0,44.0,Not charging,100,0.00,1,12477,5225,balanced
1784614849,2.84,11.27,860,3418,43.0,44.0,Not charging,100,0.00,1,12477,5225,balanced
1784614850,4.12,13.02,2280,3984,55.0,44.0,Not charging,100,0.00,1,12477,5225,balanced
1784614851,9.70,20.32,1187,3579,40.0,44.0,Not charging,100,0.00,1,12490,5225,balanced
1784614852,3.60,12.12,1118,3310,40.0,44.0,Not charging,100,0.00,1,12490,5225,balanced
1784614853,4.37,13.93,511,1800,40.0,44.0,Not charging,100,0.00,1,12490,5225,balanced
1784614854,3.02,11.31,800,2318,40.0,44.0,Not charging,100,0.00,1,12490,5225,balanced
1784614855,11.04,22.46,1391,4223,87.0,44.0,Not charging,100,0.00,1,12494,5225,balanced
1784614856,13.59,25.72,1333,3431,43.0,43.0,Discharging,100,0.05,1,12497,5225,balanced
1784614857,15.83,28.21,2209,3819,59.0,43.0,Not charging,100,0.00,1,12497,5225,balanced
1784614858,9.21,19.86,1168,2348,41.0,43.0,Not charging,100,0.00,1,12497,5225,balanced
1784614859,8.81,19.30,2147,4057,58.0,43.0,Not charging,100,0.00,1,12497,5225,balanced
1784614860,17.46,30.45,925,2737,40.0,43.0,Not charging,100,0.00,1,12508,5225,balanced
1784614861,12.71,24.43,1334,4537,97.0,43.0,Discharging,100,0.04,1,12511,5227,balanced
1784614863,32.43,50.72,2838,3800,72.0,43.0,Not charging,100,0.00,1,12520,5232,balanced
1784614864,33.95,52.10,1200,2502,51.0,43.0,Discharging,100,0.15,1,12523,5235,balanced
1784614865,7.70,17.87,851,1700,43.0,43.0,Not charging,100,0.00,1,12523,5235,balanced
1784614866,4.83,14.35,871,2231,42.0,43.0,Not charging,100,0.00,1,12523,5235,balanced
1784614867,4.52,13.47,850,1547,40.0,43.0,Not charging,100,0.00,1,12523,5235,balanced
1784614868,6.80,16.59,979,3349,43.0,43.0,Not charging,100,0.00,1,12523,5235,balanced
1784614869,6.51,17.54,921,3012,42.0,43.0,Not charging,100,0.00,1,12523,5235,balanced
1784614870,10.05,21.72,1379,3400,45.0,43.0,Not charging,100,0.00,1,12523,5235,balanced
1784614871,8.52,19.66,1594,3401,52.0,43.0,Not charging,100,0.00,1,12523,5235,balanced
1784614872,6.32,17.08,1991,3984,61.0,43.0,Not charging,100,0.00,1,12523,5235,balanced
1784614873,5.27,15.59,861,3393,44.0,43.0,Not charging,100,0.00,1,12523,5235,balanced
1784614874,4.75,14.85,889,3384,43.0,43.0,Not charging,100,0.00,1,12523,5235,balanced
1784614875,15.46,28.67,2401,3962,68.0,43.0,Not charging,100,0.00,1,12534,5237,balanced
1784614876,34.02,56.29,2993,3350,77.0,43.0,Discharging,100,0.08,1,12554,5240,balanced
1784614877,34.23,56.10,3204,3800,87.0,43.0,Discharging,100,0.20,1,12560,5241,balanced
1784614878,29.20,50.70,2207,4506,74.0,43.0,Not charging,100,0.00,1,12578,5257,balanced
1784614879,30.26,51.82,3079,3799,71.0,43.0,Not charging,100,0.00,1,12589,5267,balanced
1784614880,31.22,54.30,1685,4405,62.0,43.0,Discharging,100,0.20,1,12591,5267,balanced
1784614881,31.14,54.15,2392,3800,63.0,44.0,Discharging,100,0.20,1,12600,5272,balanced
1784614882,31.39,54.82,3104,3800,76.0,44.0,Not charging,100,0.00,1,12620,5277,balanced
1784614883,33.35,57.43,3014,3800,97.0,44.0,Discharging,100,0.03,1,12625,5281,balanced
1784614885,14.35,30.70,992,2430,45.0,44.0,Discharging,100,0.06,1,12637,5282,balanced
1784614886,18.19,36.70,2289,4090,93.0,44.0,Discharging,100,0.05,1,12658,5285,balanced
1784614887,17.11,34.70,987,1697,45.0,44.0,Not charging,100,0.00,1,12667,5290,balanced
1784614888,5.37,17.96,1051,1768,45.0,44.0,Not charging,100,0.00,1,12667,5290,balanced
1784614889,4.63,16.56,1574,2982,47.0,44.0,Not charging,100,0.00,1,12667,5290,balanced
1784614890,4.60,16.46,1097,3385,46.0,44.0,Not charging,100,0.00,1,12667,5290,balanced
1784614891,7.40,20.97,923,1825,45.0,44.0,Not charging,100,0.00,1,12667,5290,balanced
1784614892,4.60,16.22,930,2859,43.0,45.0,Not charging,100,0.00,1,12667,5290,balanced
1784614893,32.33,52.25,2678,3600,85.0,45.0,Not charging,100,0.00,1,12670,5293,balanced
1784614894,35.29,56.86,2408,3692,73.0,45.0,Discharging,100,0.15,1,12705,5312,balanced
1784614895,32.99,53.60,2137,4438,95.0,45.0,Discharging,100,0.14,1,12733,5326,balanced
1784614896,26.69,45.35,989,1697,50.0,45.0,Discharging,100,0.07,1,12751,5329,balanced
1784614897,22.11,38.92,1966,3947,88.0,45.0,Discharging,100,0.07,1,12764,5331,balanced
1784614898,9.09,21.73,1027,4109,48.0,45.0,Discharging,100,0.06,1,12764,5331,balanced
1784614899,9.52,21.31,1332,2579,45.0,45.0,Not charging,100,0.00,1,12766,5333,balanced
1784614900,13.33,27.36,2495,4000,63.0,45.0,Not charging,100,0.00,1,12770,5337,balanced
1784614901,28.75,48.98,2175,3800,87.0,45.0,Not charging,100,0.00,1,12805,5345,balanced
1784614902,23.07,40.84,1942,4240,58.0,46.0,Not charging,100,0.00,1,12814,5353,balanced
1784614903,12.71,26.23,1738,4407,68.0,46.0,Not charging,100,0.00,1,12816,5355,balanced
1784614904,5.64,17.86,1067,3370,48.0,46.0,Not charging,100,0.00,1,12816,5355,balanced
1784614905,6.61,17.86,1200,3247,47.0,46.0,Not charging,100,0.00,1,12816,5355,balanced
1784614907,11.60,26.49,985,2784,46.0,46.0,Not charging,100,0.00,1,12816,5355,balanced
1784614908,7.27,21.27,1060,2552,45.0,46.0,Not charging,100,0.00,1,12816,5355,balanced
1784614909,21.12,39.26,895,1800,48.0,46.0,Not charging,100,0.00,1,12822,5361,balanced
1784614910,20.42,36.74,863,3295,48.0,46.0,Not charging,100,0.00,1,12842,5364,balanced
1784614911,5.48,15.76,650,3380,44.0,46.0,Not charging,100,0.00,1,12842,5364,balanced
1784614912,3.31,12.12,752,1957,42.0,46.0,Not charging,100,0.00,1,12842,5364,balanced
1784614913,5.55,16.27,937,3001,43.0,46.0,Not charging,100,0.00,1,12842,5364,balanced
1784614914,4.34,14.14,493,1714,42.0,46.0,Not charging,100,0.00,1,12842,5364,balanced
1784614915,5.03,14.93,843,3587,43.0,46.0,Not charging,100,0.00,1,12842,5364,balanced
1784614916,3.13,14.41,848,2972,43.0,46.0,Discharging,100,0.10,1,12842,5364,balanced
1784614917,4.78,17.58,1286,3426,45.0,46.0,Not charging,100,0.00,1,12842,5364,balanced
1784614918,5.85,18.80,913,3354,44.0,46.0,Not charging,100,0.00,1,12842,5364,balanced
1784614919,8.26,21.68,689,1978,43.0,46.0,Not charging,100,0.00,1,12842,5364,balanced
1784614920,4.34,16.42,1857,4642,48.0,46.0,Not charging,100,0.00,1,12842,5364,balanced
1784614921,9.36,23.85,897,3396,44.0,46.0,Not charging,100,0.00,1,12842,5364,balanced
1784614922,10.78,26.18,1109,3396,47.0,46.0,Not charging,100,0.00,1,12842,5364,balanced
1784614923,9.88,24.93,2655,3863,79.0,45.0,Discharging,100,0.03,1,12842,5364,balanced
1784614924,15.91,33.23,1109,2425,46.0,45.0,Discharging,100,0.04,1,12845,5367,balanced
1784614925,8.92,23.73,1112,3400,45.0,45.0,Not charging,100,0.00,1,12845,5367,balanced
1784614927,5.05,17.38,661,1801,42.0,45.0,Not charging,100,0.00,1,12845,5367,balanced
1784614928,4.09,16.20,1313,3269,41.0,45.0,Not charging,100,0.00,1,12845,5367,balanced
1784614929,4.51,16.71,1371,4562,46.0,45.0,Not charging,100,0.00,1,12845,5367,balanced
1784614930,12.33,27.41,931,1700,43.0,45.0,Not charging,100,0.00,1,12847,5369,balanced
1784614931,5.10,17.75,943,1810,42.0,45.0,Discharging,100,0.13,1,12847,5369,balanced
1784614932,8.57,21.03,846,2989,41.0,45.0,Not charging,100,0.00,1,12847,5369,balanced
1784614933,10.10,22.96,664,2592,43.0,45.0,Not charging,100,0.00,1,12847,5369,balanced
1784614934,6.02,17.03,776,1940,41.0,45.0,Discharging,100,0.29,1,12847,5369,balanced
1784614935,4.09,14.06,1271,3054,41.0,45.0,Not charging,100,0.00,1,12847,5369,balanced
1784614936,5.05,14.91,1150,3618,43.0,45.0,Not charging,100,0.00,1,12847,5369,balanced
1784614937,5.96,15.87,1491,3391,47.0,45.0,Not charging,100,0.00,1,12847,5369,balanced
1784614938,5.09,14.22,1993,3724,44.0,45.0,Not charging,100,0.00,1,12847,5369,balanced
1784614939,7.00,17.18,1946,3648,47.0,45.0,Not charging,100,0.00,1,12847,5369,balanced
1784614940,6.83,16.41,730,3033,41.0,45.0,Not charging,100,0.00,1,12847,5369,balanced
1784614941,5.70,16.22,781,2461,40.0,45.0,Not charging,100,0.00,1,12847,5369,balanced
1784614942,4.72,13.94,1239,4078,44.0,45.0,Not charging,100,0.00,1,12847,5369,balanced
1784614943,4.32,13.16,1034,2407,41.0,44.0,Not charging,100,0.00,1,12847,5369,balanced
1784614944,15.48,28.69,1177,2947,50.0,44.0,Not charging,100,0.00,1,12847,5369,balanced
1784614945,6.51,16.60,1266,2847,42.0,44.0,Not charging,100,0.00,1,12847,5369,balanced
1784614946,5.53,15.00,1319,3392,46.0,44.0,Not charging,100,0.00,1,12847,5369,balanced
1784614948,9.06,21.21,1001,3400,44.0,44.0,Not charging,100,0.00,1,12847,5369,balanced
1784614949,7.52,19.22,1050,3400,43.0,44.0,Not charging,100,0.00,1,12847,5369,balanced
1784614950,9.20,21.26,1094,4569,44.0,44.0,Not charging,100,0.00,1,12848,5369,balanced
1784614951,8.58,19.49,1328,2924,43.0,44.0,Not charging,100,0.00,1,12848,5369,balanced
1784614952,10.41,22.42,1513,3301,42.0,44.0,Not charging,100,0.00,1,12848,5369,balanced
1784614953,6.50,16.28,1558,2837,42.0,44.0,Not charging,100,0.00,1,12848,5369,balanced
1784614954,7.14,17.42,972,3178,43.0,44.0,Not charging,100,0.00,1,12848,5369,balanced
1784614955,4.91,14.06,1179,3395,43.0,44.0,Not charging,100,0.00,1,12848,5369,balanced
1784614956,4.28,13.75,914,1605,41.0,44.0,Not charging,100,0.00,1,12848,5369,balanced
1784614957,5.57,15.44,1170,2721,41.0,44.0,Not charging,100,0.00,1,12848,5369,balanced
1784614958,5.37,15.09,1055,1826,40.0,44.0,Not charging,100,0.00,1,12848,5369,balanced
1784614959,5.23,15.32,1661,4267,40.0,44.0,Not charging,100,0.00,1,12848,5369,balanced
1784614960,5.48,15.46,719,1800,40.0,44.0,Not charging,100,0.00,1,12848,5369,balanced
1784614961,9.12,24.47,1115,3351,41.0,44.0,Not charging,100,0.00,1,12848,5369,balanced
1784614962,13.61,38.02,1831,4664,48.0,44.0,Not charging,100,0.00,1,12848,5369,balanced
1784614963,17.12,40.38,586,1657,41.0,43.0,Not charging,100,0.00,1,12848,5369,balanced
1784614964,13.03,35.19,892,2115,41.0,43.0,Discharging,100,0.06,1,12848,5369,balanced
1784614965,5.18,24.75,1591,4439,46.0,43.0,Not charging,100,0.00,1,12848,5369,balanced
1784614966,5.66,25.27,894,3396,42.0,43.0,Not charging,100,0.00,1,12848,5369,balanced
1784614968,5.41,24.17,870,2970,43.0,43.0,Not charging,100,0.00,1,12848,5369,balanced
1784614969,5.28,24.43,815,2212,41.0,43.0,Not charging,100,0.00,1,12848,5369,balanced
1784614970,5.49,22.45,1075,3400,43.0,43.0,Not charging,100,0.00,1,12848,5369,balanced
1784614971,4.28,19.90,947,1700,40.0,43.0,Not charging,100,0.00,1,12848,5369,balanced
1784614972,5.35,21.94,922,2647,41.0,43.0,Not charging,100,0.00,1,12848,5369,balanced
1784614973,5.31,21.43,950,2747,41.0,43.0,Not charging,100,0.00,1,12848,5369,balanced
1784614974,5.37,20.53,1028,3395,43.0,43.0,Not charging,100,0.00,1,12848,5369,balanced
1784614975,4.29,15.29,1454,3331,43.0,43.0,Not charging,100,0.00,1,12848,5369,balanced
1784614976,3.17,12.57,966,3389,43.0,43.0,Not charging,100,0.00,1,12848,5369,balanced
1784614977,4.85,14.99,888,3393,43.0,43.0,Not charging,100,0.00,1,12848,5369,balanced
1784614978,5.45,16.47,1519,3297,41.0,43.0,Not charging,100,0.00,1,12848,5369,balanced
1784614979,5.18,15.76,871,2834,43.0,43.0,Not charging,100,0.00,1,12848,5369,balanced
1784614980,5.08,15.37,828,1601,41.0,43.0,Not charging,100,0.00,1,12848,5369,balanced
1784614981,5.08,16.06,880,3418,42.0,43.0,Not charging,100,0.00,1,12848,5369,balanced
1784614982,3.37,12.63,968,2076,41.0,43.0,Not charging,100,0.00,1,12848,5369,balanced
1784614983,8.55,21.23,1407,3391,49.0,43.0,Not charging,100,0.00,1,12848,5369,balanced
1784614984,7.57,18.82,1277,3388,47.0,43.0,Not charging,100,0.00,1,12848,5369,balanced
1784614985,4.75,11.38,884,1810,40.0,43.0,Not charging,100,0.00,1,12848,5369,balanced
1784614986,4.01,10.38,974,1800,40.0,43.0,Not charging,100,0.00,1,12848,5369,balanced
1784614988,3.44,9.16,851,2730,41.0,43.0,Not charging,100,0.00,1,12848,5369,balanced
1784614989,5.15,12.55,815,1814,41.0,43.0,Not charging,100,0.00,1,12848,5369,balanced
1784614990,3.81,10.79,607,3247,41.0,43.0,Not charging,100,0.00,1,12848,5369,balanced
1784614991,3.91,10.13,1054,2807,40.0,43.0,Not charging,100,0.00,1,12848,5369,balanced
1784614992,4.57,11.50,964,2636,40.0,43.0,Not charging,100,0.00,1,12848,5369,balanced
1784614993,4.08,10.33,820,2488,42.0,43.0,Not charging,100,0.00,1,12848,5369,balanced
1784614994,4.99,12.64,1340,3462,42.0,43.0,Not charging,100,0.00,1,12848,5369,balanced
1784614995,4.59,11.33,980,2254,40.0,43.0,Not charging,100,0.00,1,12848,5369,balanced
1784614996,3.55,9.82,1228,3339,43.0,43.0,Not charging,100,0.00,1,12848,5369,balanced
1784614997,3.85,10.74,641,2598,40.0,43.0,Not charging,100,0.00,1,12848,5369,balanced
1784614998,3.40,10.88,587,3037,41.0,43.0,Not charging,100,0.00,1,12848,5369,balanced
1784614999,3.89,10.51,1367,3739,40.0,42.0,Not charging,100,0.00,1,12848,5369,balanced
1784615000,4.88,12.42,912,3400,41.0,42.0,Not charging,100,0.00,1,12848,5369,balanced
1784615001,7.39,15.66,738,1800,40.0,42.0,Not charging,100,0.00,1,12848,5369,balanced
1784615002,3.93,10.48,841,4258,40.0,42.0,Not charging,100,0.00,1,12848,5369,balanced
1784615003,4.17,10.44,581,1939,40.0,42.0,Not charging,100,0.00,1,12848,5369,balanced
1784615004,3.12,8.57,600,2271,40.0,42.0,Not charging,100,0.00,1,12848,5369,balanced
1784615005,2.73,7.81,1138,3378,41.0,42.0,Not charging,100,0.00,1,12848,5369,balanced
1784615007,4.68,11.42,815,2187,39.0,42.0,Not charging,100,0.00,1,12848,5369,balanced
1784615008,4.36,10.64,691,2133,40.0,42.0,Not charging,100,0.00,1,12848,5369,balanced
1784615009,3.96,10.01,1016,2073,40.0,42.0,Not charging,100,0.00,1,12848,5369,balanced
1784615010,3.77,9.76,1359,3398,42.0,42.0,Not charging,100,0.00,1,12848,5369,balanced
1784615011,4.90,11.49,759,3400,41.0,42.0,Not charging,100,0.00,1,12848,5369,balanced
1784615012,5.01,11.46,855,2493,40.0,42.0,Not charging,100,0.00,1,12848,5369,balanced
1784615013,4.68,11.05,1031,3450,39.0,42.0,Not charging,100,0.00,1,12848,5369,balanced
1784615014,4.73,11.20,691,2060,40.0,42.0,Not charging,100,0.00,1,12848,5369,balanced
1784615015,3.81,9.95,870,1819,40.0,42.0,Not charging,100,0.00,1,12848,5369,balanced
1784615016,3.24,8.89,669,1800,40.0,42.0,Not charging,100,0.00,1,12848,5369,balanced
1784615017,4.12,10.55,861,1700,40.0,42.0,Not charging,100,0.00,1,12848,5369,balanced
1784615018,4.21,10.73,921,3400,41.0,42.0,Not charging,100,0.00,1,12848,5369,balanced
1784615019,4.14,10.09,821,3359,45.0,42.0,Not charging,100,0.00,1,12848,5369,balanced
1784615020,3.76,9.82,595,2343,39.0,42.0,Not charging,100,0.00,1,12848,5369,balanced
1784615021,4.59,10.95,749,2310,40.0,42.0,Not charging,100,0.00,1,12848,5369,balanced
1784615022,4.22,10.42,991,1806,38.0,41.0,Not charging,100,0.00,1,12848,5369,balanced
1784615023,3.79,9.72,1231,2637,40.0,41.0,Not charging,100,0.00,1,12848,5369,balanced
1784615024,4.44,11.24,683,2515,41.0,41.0,Not charging,100,0.00,1,12848,5369,balanced
1784615025,4.48,10.86,871,1999,40.0,41.0,Not charging,100,0.00,1,12848,5369,balanced
1784615027,4.84,13.33,789,2514,40.0,41.0,Not charging,100,0.00,1,12848,5369,balanced
1784615028,4.87,13.06,632,2597,39.0,41.0,Not charging,100,0.00,1,12848,5369,balanced
1784615029,4.18,10.61,731,1803,40.0,41.0,Not charging,100,0.00,1,12848,5369,balanced
1784615030,4.63,11.27,863,2634,40.0,41.0,Not charging,100,0.00,1,12848,5369,balanced
1784615031,4.23,10.72,786,1782,38.0,41.0,Not charging,100,0.00,1,12848,5369,balanced
1784615032,5.01,11.79,765,2015,38.0,41.0,Not charging,100,0.00,1,12848,5369,balanced
1784615033,6.37,14.49,1816,4204,39.0,41.0,Not charging,100,0.00,1,12848,5369,balanced
1784615034,4.26,11.22,725,2200,38.0,41.0,Not charging,100,0.00,1,12848,5369,balanced
1784615035,3.63,9.73,891,2105,40.0,41.0,Not charging,100,0.00,1,12848,5369,balanced
1784615036,4.05,10.28,1139,3399,40.0,41.0,Not charging,100,0.00,1,12848,5369,balanced
1784615037,5.06,11.73,951,1700,38.0,41.0,Not charging,100,0.00,1,12848,5369,balanced
1784615038,4.01,10.53,896,2329,38.0,41.0,Not charging,100,0.00,1,12848,5369,balanced
1784615039,4.42,10.92,990,3265,38.0,41.0,Not charging,100,0.00,1,12848,5369,balanced
1784615040,4.85,11.67,1214,3235,41.0,41.0,Not charging,100,0.00,1,12848,5369,balanced
1784615041,5.06,11.93,1507,3427,42.0,41.0,Not charging,100,0.00,1,12848,5369,balanced
1784615042,4.93,11.83,777,1751,38.0,41.0,Not charging,100,0.00,1,12848,5369,balanced
1784615043,3.92,9.95,713,1848,38.0,41.0,Not charging,100,0.00,1,12848,5369,balanced
1784615044,4.48,11.48,887,1797,38.0,41.0,Not charging,100,0.00,1,12848,5369,balanced
1784615046,4.00,9.92,689,2008,39.0,41.0,Not charging,100,0.00,1,12848,5369,balanced
1784615047,3.92,9.83,1050,3374,41.0,41.0,Not charging,100,0.00,1,12848,5369,balanced
1784615048,2.83,7.94,1276,3383,40.0,41.0,Not charging,100,0.00,1,12848,5369,balanced
1784615049,4.32,11.01,674,1802,38.0,41.0,Not charging,100,0.00,1,12848,5369,balanced
1784615050,3.31,8.70,969,3400,43.0,41.0,Not charging,100,0.00,1,12848,5369,balanced
1784615051,3.39,9.01,1026,4464,40.0,41.0,Not charging,100,0.00,1,12848,5369,balanced
1784615052,3.93,10.74,984,3391,43.0,40.0,Not charging,100,0.00,1,12848,5369,balanced
1784615053,3.66,9.49,1223,3379,39.0,40.0,Not charging,100,0.00,1,12848,5369,balanced
1784615054,4.37,11.00,1028,3370,40.0,40.0,Not charging,100,0.00,1,12848,5369,balanced
1784615055,4.32,10.77,1082,2946,38.0,40.0,Not charging,100,0.00,1,12848,5369,balanced
1784615056,4.41,11.28,1189,3340,39.0,40.0,Not charging,100,0.00,1,12848,5369,balanced
1784615057,4.24,10.62,1136,3397,40.0,40.0,Not charging,100,0.00,1,12848,5369,balanced
1784615058,4.43,11.22,1161,3423,40.0,40.0,Not charging,100,0.00,1,12848,5369,balanced
1784615059,3.93,9.91,1117,1947,38.0,40.0,Not charging,100,0.00,1,12848,5369,balanced
1784615060,4.49,10.89,918,3400,42.0,40.0,Not charging,100,0.00,1,12848,5369,balanced
1784615061,3.47,9.15,1280,3396,41.0,40.0,Not charging,100,0.00,1,12848,5369,balanced
1784615062,5.18,12.18,1100,3400,43.0,40.0,Not charging,100,0.00,1,12848,5369,balanced
1784615063,4.86,11.70,653,2266,38.0,40.0,Not charging,100,0.00,1,12848,5369,balanced
1784615064,4.92,11.55,562,1826,37.0,40.0,Not charging,100,0.00,1,12848,5369,balanced
1784615065,3.76,9.60,738,2088,38.0,40.0,Not charging,100,0.00,1,12848,5369,balanced
1784615067,4.45,10.97,867,2914,41.0,40.0,Not charging,100,0.00,1,12848,5369,balanced
1784615068,4.75,11.21,1132,4400,41.0,40.0,Not charging,100,0.00,1,12848,5369,balanced
1784615069,4.83,11.72,866,3201,38.0,40.0,Not charging,100,0.00,1,12848,5369,balanced
1784615070,3.97,10.05,766,1800,37.0,40.0,Not charging,100,0.00,1,12848,5369,balanced
1784615071,3.74,9.66,1017,1866,37.0,40.0,Not charging,100,0.00,1,12848,5369,balanced
1784615072,4.25,10.75,1327,3809,40.0,40.0,Not charging,100,0.00,1,12848,5369,balanced
1784615073,3.84,9.76,816,1891,38.0,40.0,Not charging,100,0.00,1,12848,5369,balanced
1784615074,3.95,10.37,818,1700,37.0,40.0,Not charging,100,0.00,1,12848,5369,balanced
1784615075,4.20,10.47,892,3379,42.0,40.0,Not charging,100,0.00,1,12848,5369,balanced
1784615076,3.46,9.09,1104,3428,40.0,40.0,Not charging,100,0.00,1,12848,5369,balanced
1784615077,4.11,10.69,628,1800,37.0,40.0,Not charging,100,0.00,1,12848,5369,balanced
1784615078,4.10,10.42,1325,3399,41.0,40.0,Not charging,100,0.00,1,12848,5369,balanced
1784615079,3.83,9.72,784,3162,40.0,40.0,Not charging,100,0.00,1,12848,5369,balanced
1784615080,4.68,11.26,771,1503,38.0,40.0,Not charging,100,0.00,1,12848,5369,balanced
1784615081,4.14,11.13,579,2139,38.0,40.0,Not charging,100,0.00,1,12848,5369,balanced
1784615082,4.95,14.66,1154,4465,40.0,40.0,Not charging,100,0.00,1,12848,5369,balanced
1784615083,4.48,13.25,674,2406,38.0,40.0,Not charging,100,0.00,1,12848,5369,balanced
1784615084,4.35,13.26,657,2929,38.0,40.0,Not charging,100,0.00,1,12848,5369,balanced
1784615086,5.29,14.88,928,2840,39.0,40.0,Not charging,100,0.00,1,12848,5369,balanced
1784615087,3.51,11.82,654,1801,37.0,40.0,Not charging,100,0.00,1,12848,5369,balanced
1784615088,4.54,13.55,726,3020,38.0,40.0,Not charging,100,0.00,1,12848,5369,balanced
1784615089,5.03,15.31,904,2686,38.0,40.0,Not charging,100,0.00,1,12848,5369,balanced
1784615090,10.22,22.43,1068,3124,40.0,40.0,Not charging,100,0.00,1,12848,5369,balanced
1784615091,14.57,28.68,847,1731,41.0,40.0,Discharging,100,0.09,1,12848,5369,balanced
1784615092,4.42,13.09,941,1754,39.0,40.0,Not charging,100,0.00,1,12848,5369,balanced
1784615093,6.02,22.01,1404,4616,46.0,40.0,Not charging,100,0.00,1,12848,5369,balanced
1784615094,17.86,43.85,1609,4510,57.0,40.0,Not charging,100,0.00,1,12848,5369,balanced
1784615095,7.88,27.34,1963,3137,42.0,40.0,Not charging,100,0.00,1,12848,5369,balanced
1784615096,5.67,24.43,634,2832,39.0,40.0,Not charging,100,0.00,1,12848,5369,balanced
1784615097,5.43,23.84,991,2666,40.0,40.0,Not charging,100,0.00,1,12848,5369,balanced
1784615098,6.35,25.13,1181,1800,38.0,40.0,Not charging,100,0.00,1,12848,5369,balanced
1784615099,8.16,28.34,1348,3174,43.0,40.0,Discharging,100,0.05,1,12848,5369,balanced
1784615100,5.52,24.28,687,2769,40.0,40.0,Discharging,100,0.05,1,12848,5369,balanced
1784615101,5.51,24.49,811,3384,42.0,40.0,Not charging,100,0.00,1,12848,5369,balanced
1784615102,5.14,24.20,1666,3621,43.0,40.0,Not charging,100,0.00,1,12848,5369,balanced
1784615103,6.92,26.11,1241,3350,41.0,40.0,Not charging,100,0.00,1,12848,5369,balanced
1784615104,5.47,24.73,2134,4461,41.0,40.0,Not charging,100,0.00,1,12848,5369,balanced
1784615106,5.66,22.71,853,1621,38.0,40.0,Not charging,100,0.00,1,12848,5369,balanced
1784615107,5.42,19.69,553,2079,40.0,40.0,Not charging,100,0.00,1,12848,5369,balanced
1784615108,5.87,19.56,603,1900,40.0,40.0,Not charging,100,0.00,1,12848,5369,balanced
1784615109,4.37,16.74,670,2223,40.0,40.0,Not charging,100,0.00,1,12848,5369,balanced
1784615110,6.43,19.65,768,2125,40.0,40.0,Not charging,100,0.00,1,12848,5369,balanced
1784615111,6.00,19.23,677,3344,41.0,40.0,Not charging,100,0.00,1,12848,5369,balanced
1784615112,4.72,17.12,1172,3409,40.0,40.0,Not charging,100,0.00,1,12848,5369,balanced
1784615113,7.80,22.33,703,1912,42.0,40.0,Not charging,100,0.00,1,12848,5369,balanced
1784615114,20.10,40.26,2245,3574,52.0,40.0,Not charging,100,0.00,1,12848,5369,balanced
1784615115,28.81,54.45,2349,3402,63.0,40.0,Not charging,100,0.00,1,12848,5369,balanced
1784615116,33.23,54.70,2413,3800,65.0,41.0,Not charging,100,0.00,1,12848,5369,balanced
1784615117,34.31,55.66,2786,3800,73.0,41.0,Not charging,100,0.00,1,12848,5369,balanced
1784615118,33.72,52.65,2712,3800,66.0,41.0,Not charging,100,0.00,1,12849,5369,balanced
1784615119,20.59,36.81,683,3306,45.0,41.0,Discharging,100,0.10,1,12849,5369,balanced
1784615120,6.12,16.11,620,3362,44.0,41.0,Not charging,100,0.00,1,12849,5369,balanced
1784615121,4.04,13.09,787,1997,40.0,41.0,Not charging,100,0.00,1,12849,5369,balanced
1784615122,4.68,13.84,923,2737,41.0,41.0,Not charging,100,0.00,1,12849,5369,balanced
1784615123,6.44,17.77,1262,3400,43.0,41.0,Not charging,100,0.00,1,12849,5369,balanced
1784615124,5.79,15.48,2219,3596,49.0,41.0,Not charging,100,0.00,1,12849,5369,balanced
1784615125,6.22,17.17,1360,3372,54.0,41.0,Not charging,100,0.00,1,12849,5369,balanced
1784615126,7.20,17.29,798,2170,42.0,41.0,Not charging,100,0.00,1,12849,5369,balanced
1784615128,5.05,14.35,1478,2708,41.0,41.0,Not charging,100,0.00,1,12849,5369,balanced
1784615129,4.81,14.76,2306,3342,48.0,41.0,Not charging,100,0.00,1,12849,5369,balanced
1784615130,5.38,15.57,1079,2619,42.0,41.0,Not charging,100,0.00,1,12849,5369,balanced
1784615131,5.24,15.06,1665,3270,43.0,41.0,Not charging,100,0.00,1,12849,5369,balanced
1784615132,5.33,14.81,1731,3406,41.0,41.0,Not charging,100,0.00,1,12849,5369,balanced
1784615133,6.04,15.94,977,2132,43.0,41.0,Not charging,100,0.00,1,12849,5369,balanced
1784615134,4.84,14.12,1039,2931,41.0,42.0,Not charging,100,0.00,1,12849,5369,balanced
1784615135,7.22,17.37,814,1705,41.0,42.0,Not charging,100,0.00,1,12849,5369,balanced
1784615136,4.75,13.94,2024,3396,44.0,42.0,Not charging,100,0.00,1,12849,5369,balanced
1784615137,4.94,14.70,1539,4055,42.0,42.0,Not charging,100,0.00,1,12849,5369,balanced
1784615138,6.77,16.97,881,1707,40.0,42.0,Not charging,100,0.00,1,12849,5369,balanced
1784615139,4.56,13.59,1131,3316,43.0,42.0,Not charging,100,0.00,1,12849,5369,balanced
1784615140,5.71,15.69,851,3342,43.0,42.0,Not charging,100,0.00,1,12849,5369,balanced
1784615141,4.42,13.56,1063,3658,40.0,42.0,Not charging,100,0.00,1,12849,5369,balanced
1784615142,6.06,15.76,517,2268,41.0,42.0,Not charging,100,0.00,1,12849,5369,balanced
1784615143,6.88,16.66,1185,4544,64.0,42.0,Not charging,100,0.00,1,12849,5369,balanced
1784615144,4.28,13.48,757,3229,41.0,42.0,Not charging,100,0.00,1,12849,5369,balanced
1784615145,8.62,19.04,1414,4700,60.0,42.0,Not charging,100,0.00,1,12849,5369,balanced
1784615147,7.85,18.55,1179,2021,42.0,42.0,Not charging,100,0.00,1,12849,5369,balanced
1784615148,7.23,17.22,663,2100,41.0,42.0,Not charging,100,0.00,1,12849,5369,balanced
1784615149,4.27,13.82,1036,1808,41.0,42.0,Not charging,100,0.00,1,12849,5369,balanced
1784615150,4.50,14.54,1123,3408,41.0,42.0,Not charging,100,0.00,1,12849,5369,balanced
1784615151,4.52,14.02,741,2066,40.0,42.0,Not charging,100,0.00,1,12849,5369,balanced
1784615152,6.79,16.41,959,3745,40.0,42.0,Not charging,100,0.00,1,12849,5369,balanced
1784615153,5.11,14.48,1332,4168,40.0,42.0,Not charging,100,0.00,1,12849,5369,balanced
1784615154,3.89,12.92,878,3382,43.0,42.0,Not charging,100,0.00,1,12849,5369,balanced
1784615155,7.13,17.41,1174,4586,40.0,42.0,Not charging,100,0.00,1,12849,5369,balanced
1784615156,6.17,16.05,1391,4518,61.0,42.0,Not charging,100,0.00,1,12849,5369,balanced
1784615157,5.60,15.34,1015,2965,46.0,42.0,Not charging,100,0.00,1,12849,5369,balanced
1784615158,5.26,14.40,776,2502,40.0,42.0,Discharging,100,0.03,1,12849,5369,balanced
1784615159,4.11,12.86,1405,4561,56.0,42.0,Not charging,100,0.00,1,12849,5369,balanced
1784615160,6.92,17.17,852,2618,41.0,42.0,Not charging,100,0.00,1,12849,5369,balanced
1784615161,3.92,12.48,1329,4565,54.0,42.0,Not charging,100,0.00,1,12849,5369,balanced
1784615162,7.04,17.25,1598,4626,54.0,42.0,Not charging,100,0.00,1,12849,5369,balanced
1784615163,3.83,12.53,803,1700,40.0,41.0,Not charging,100,0.00,1,12849,5369,balanced
1784615164,3.77,12.38,1166,1803,40.0,41.0,Not charging,100,0.00,1,12849,5369,balanced
1784615165,4.30,13.68,974,3327,42.0,41.0,Not charging,100,0.00,1,12849,5369,balanced
1784615167,4.40,13.46,1002,3406,41.0,41.0,Not charging,100,0.00,1,12849,5369,balanced
1784615168,6.08,15.63,1551,3398,46.0,41.0,Not charging,100,0.00,1,12849,5369,balanced
1784615169,6.84,16.71,1661,3967,55.0,41.0,Not charging,100,0.00,1,12849,5369,balanced
1784615170,5.24,14.43,2177,4292,45.0,41.0,Not charging,100,0.00,1,12849,5369,balanced
1784615171,5.59,15.39,744,2251,41.0,41.0,Not charging,100,0.00,1,12849,5369,balanced
1784615172,2.76,11.09,832,2999,41.0,41.0,Not charging,100,0.00,1,12849,5369,balanced
1784615173,2.74,10.91,1363,3403,44.0,41.0,Not charging,100,0.00,1,12849,5369,balanced
1784615174,4.18,13.51,832,3384,40.0,41.0,Not charging,100,0.00,1,12849,5369,balanced
1784615175,3.71,12.34,1205,3382,43.0,41.0,Not charging,100,0.00,1,12849,5369,balanced
1784615176,7.16,17.48,637,1700,40.0,41.0,Not charging,100,0.00,1,12849,5369,balanced
1784615177,6.13,15.86,1664,4377,43.0,41.0,Not charging,100,0.00,1,12849,5369,balanced
1784615178,5.84,15.48,3068,3716,60.0,41.0,Not charging,100,0.00,1,12849,5369,balanced
1784615179,6.25,16.06,1025,3400,41.0,41.0,Discharging,100,0.03,1,12849,5369,balanced
1784615180,3.90,13.09,1400,3923,39.0,41.0,Not charging,100,0.00,1,12849,5369,balanced
1784615181,3.49,12.11,1193,3307,40.0,41.0,Not charging,100,0.00,1,12849,5369,balanced
1784615182,4.62,13.93,692,1756,38.0,41.0,Not charging,100,0.00,1,12849,5369,balanced
1784615183,4.22,13.52,994,2004,38.0,41.0,Not charging,100,0.00,1,12849,5369,balanced
1784615184,4.43,13.77,1037,2851,40.0,41.0,Not charging,100,0.00,1,12849,5369,balanced
1784615185,3.92,12.64,1006,3371,42.0,41.0,Not charging,100,0.00,1,12849,5369,balanced
1784615186,5.64,15.71,1433,3578,42.0,41.0,Not charging,100,0.00,1,12849,5369,balanced
1784615188,4.80,15.10,1533,3155,40.0,41.0,Not charging,100,0.00,1,12849,5369,balanced
1784615189,6.15,15.86,1039,3405,43.0,41.0,Not charging,100,0.00,1,12849,5369,balanced
1784615190,4.30,13.47,1567,3413,42.0,41.0,Not charging,100,0.00,1,12849,5369,balanced
1784615191,4.06,13.11,1520,3372,41.0,41.0,Not charging,100,0.00,1,12849,5369,balanced
1784615192,5.50,15.14,1256,3346,42.0,41.0,Not charging,100,0.00,1,12849,5369,balanced
1784615193,3.87,12.56,937,3306,41.0,41.0,Not charging,100,0.00,1,12849,5369,balanced
1784615194,2.49,10.35,971,3655,40.0,41.0,Not charging,100,0.00,1,12849,5369,balanced
1784615195,3.30,11.65,984,1967,40.0,41.0,Not charging,100,0.00,1,12849,5369,balanced
1784615196,4.48,13.74,785,1886,38.0,41.0,Not charging,100,0.00,1,12849,5369,balanced
1784615197,4.66,14.07,1341,3085,39.0,41.0,Not charging,100,0.00,1,12849,5369,balanced
1784615198,4.75,13.99,1023,3215,40.0,41.0,Not charging,100,0.00,1,12849,5369,balanced
1784615199,5.99,15.41,853,3381,41.0,41.0,Not charging,100,0.00,1,12849,5369,balanced
1784615200,4.57,13.41,869,2199,38.0,41.0,Not charging,100,0.00,1,12849,5369,balanced
1784615201,6.53,16.61,600,1884,39.0,41.0,Not charging,100,0.00,1,12849,5369,balanced
1784615202,3.27,11.91,1000,2515,41.0,41.0,Not charging,100,0.00,1,12849,5369,balanced
1784615203,4.50,13.55,1316,3431,40.0,41.0,Not charging,100,0.00,1,12849,5369,balanced
1784615204,4.67,13.92,857,3385,43.0,41.0,Not charging,100,0.00,1,12849,5369,balanced
1784615205,6.06,15.54,1078,1889,38.0,41.0,Not charging,100,0.00,1,12849,5369,balanced
1784615207,5.58,15.50,798,1700,39.0,41.0,Discharging,100,0.03,1,12849,5369,balanced
1784615208,3.90,12.71,1072,3255,39.0,41.0,Not charging,100,0.00,1,12849,5369,balanced
1784615209,3.13,11.56,986,3352,41.0,41.0,Not charging,100,0.00,1,12849,5369,balanced
1784615210,5.20,14.25,812,2534,38.0,41.0,Not charging,100,0.00,1,12849,5369,balanced
1784615211,3.28,12.75,581,1939,39.0,41.0,Not charging,100,0.00,1,12849,5369,balanced
1784615212,4.02,12.68,812,3339,38.0,41.0,Not charging,100,0.00,1,12849,5369,balanced
1784615213,2.82,10.80,1108,3380,42.0,41.0,Not charging,100,0.00,1,12849,5369,balanced
1784615214,3.33,11.95,584,1765,38.0,41.0,Not charging,100,0.00,1,12849,5369,balanced
1784615215,4.68,13.35,608,1878,38.0,41.0,Not charging,100,0.00,1,12849,5369,balanced
1784615216,4.13,12.76,969,3345,38.0,41.0,Not charging,100,0.00,1,12849,5369,balanced
1784615217,6.10,15.77,608,2023,38.0,41.0,Not charging,100,0.00,1,12849,5369,balanced
1784615218,5.39,15.62,1350,4591,59.0,41.0,Not charging,100,0.00,1,12849,5369,balanced
1784615219,5.44,14.55,883,3423,40.0,41.0,Not charging,100,0.00,1,12849,5369,balanced
1784615220,5.34,14.52,667,2573,42.0,41.0,Not charging,100,0.00,1,12849,5369,balanced
1784615221,3.38,11.59,772,1807,37.0,41.0,Not charging,100,0.00,1,12849,5369,balanced
1784615222,2.95,11.12,731,1704,38.0,41.0,Not charging,100,0.00,1,12849,5369,balanced
1784615223,6.04,15.43,965,3427,44.0,41.0,Not charging,100,0.00,1,12849,5369,balanced
1784615224,4.89,13.70,759,2178,38.0,41.0,Discharging,100,0.02,1,12849,5369,balanced
1784615226,5.23,14.39,629,2086,38.0,41.0,Not charging,100,0.00,1,12849,5369,balanced
1784615227,3.67,12.21,1263,3396,40.0,40.0,Not charging,100,0.00,1,12849,5369,balanced
1784615228,6.79,16.28,1280,2606,38.0,40.0,Not charging,100,0.00,1,12849,5369,balanced
1784615229,5.98,15.69,965,4615,58.0,40.0,Discharging,100,0.03,1,12849,5369,balanced
1784615230,6.98,16.79,1030,1773,43.0,40.0,Not charging,100,0.00,1,12849,5369,balanced
1784615231,5.18,14.54,956,3238,39.0,40.0,Not charging,100,0.00,1,12849,5369,balanced
1784615232,3.75,12.65,1113,4229,38.0,40.0,Discharging,100,0.04,1,12849,5369,balanced
1784615233,4.22,13.42,906,1950,38.0,40.0,Not charging,100,0.00,1,12849,5369,balanced
1784615234,4.63,14.39,1279,3419,41.0,40.0,Not charging,100,0.00,1,12849,5369,balanced
1784615235,5.06,14.08,1284,3400,42.0,40.0,Not charging,100,0.00,1,12849,5369,balanced
1784615236,4.09,13.17,966,3385,40.0,40.0,Not charging,100,0.00,1,12849,5369,balanced
1784615237,4.74,14.16,1724,4650,52.0,40.0,Not charging,100,0.00,1,12849,5369,balanced
1784615238,6.78,17.06,1217,4580,53.0,40.0,Not charging,100,0.00,1,12849,5369,balanced
1784615239,6.47,16.54,1147,3408,41.0,40.0,Not charging,100,0.00,1,12849,5369,balanced
1784615240,5.11,14.21,1096,3397,42.0,40.0,Not charging,100,0.00,1,12849,5369,balanced
1784615241,4.16,13.74,742,2074,39.0,40.0,Not charging,100,0.00,1,12849,5369,balanced
1784615242,5.79,15.37,757,1652,40.0,40.0,Not charging,100,0.00,1,12849,5369,balanced
1784615243,3.49,13.49,723,1604,38.0,40.0,Discharging,100,0.05,1,12849,5369,balanced
1784615245,2.70,10.92,584,3351,40.0,40.0,Not charging,100,0.00,1,12849,5369,balanced
1784615246,3.36,11.85,649,3372,38.0,40.0,Not charging,100,0.00,1,12849,5369,balanced
1784615247,3.81,12.44,855,2143,38.0,41.0,Not charging,100,0.00,1,12849,5369,balanced
1784615248,4.38,14.28,524,1700,38.0,41.0,Not charging,100,0.00,1,12849,5369,balanced
1784615249,3.73,12.62,579,2021,38.0,40.0,Not charging,100,0.00,1,12849,5369,balanced
1784615250,4.02,12.95,589,1646,40.0,40.0,Not charging,100,0.00,1,12849,5369,balanced
1784615251,5.38,15.07,889,2791,39.0,40.0,Not charging,100,0.00,1,12849,5369,balanced
1784615252,5.65,15.09,887,3397,42.0,40.0,Not charging,100,0.00,1,12849,5369,balanced
1784615253,4.53,13.61,730,1926,38.0,40.0,Not charging,100,0.00,1,12849,5369,balanced
1784615254,4.85,14.01,1474,3389,41.0,40.0,Not charging,100,0.00,1,12849,5369,balanced
1784615255,4.31,13.21,1153,3095,38.0,40.0,Not charging,100,0.00,1,12849,5369,balanced
1784615256,4.59,13.73,1584,4011,39.0,40.0,Not charging,100,0.00,1,12849,5369,balanced
1784615257,4.84,13.87,983,2710,39.0,40.0,Not charging,100,0.00,1,12849,5369,balanced
1784615258,3.98,12.84,715,2785,38.0,40.0,Not charging,100,0.00,1,12849,5369,balanced
1784615259,4.33,13.34,1157,3414,42.0,40.0,Not charging,100,0.00,1,12849,5369,balanced
1784615260,4.41,13.43,1028,1801,38.0,40.0,Not charging,100,0.00,1,12849,5369,balanced
1784615261,3.44,11.92,660,2011,37.0,40.0,Not charging,100,0.00,1,12849,5369,balanced
1784615262,3.78,12.49,780,2072,37.0,40.0,Not charging,100,0.00,1,12849,5369,balanced
1784615264,3.39,12.23,638,2060,38.0,40.0,Not charging,100,0.00,1,12849,5369,balanced
1784615265,3.42,11.94,859,2725,41.0,40.0,Not charging,100,0.00,1,12849,5369,balanced
1784615266,3.95,12.60,575,1876,39.0,40.0,Not charging,100,0.00,1,12849,5369,balanced
1784615267,4.83,13.72,895,2893,42.0,40.0,Not charging,100,0.00,1,12849,5369,balanced
1784615268,3.61,12.29,591,2168,38.0,40.0,Discharging,100,0.05,1,12849,5369,balanced
1784615269,3.64,12.54,660,2066,38.0,40.0,Not charging,100,0.00,1,12849,5369,balanced
1784615270,6.59,16.73,1042,4248,40.0,40.0,Not charging,100,0.00,1,12849,5369,balanced
1784615271,7.45,18.10,804,3367,40.0,40.0,Not charging,100,0.00,1,12849,5369,balanced
1784615272,5.72,15.35,767,3385,41.0,40.0,Not charging,100,0.00,1,12849,5369,balanced
1784615273,4.30,13.23,886,3379,38.0,40.0,Not charging,100,0.00,1,12849,5369,balanced
1784615274,2.93,11.10,922,4069,38.0,40.0,Not charging,100,0.00,1,12849,5369,balanced
1784615275,3.40,12.20,896,3369,40.0,40.0,Not charging,100,0.00,1,12849,5369,balanced
1784615276,4.33,14.93,1075,3056,37.0,40.0,Not charging,100,0.00,1,12849,5369,balanced
1784615277,4.55,13.66,867,3377,38.0,40.0,Not charging,100,0.00,1,12849,5369,balanced
1784615278,4.22,13.74,890,1800,38.0,40.0,Not charging,100,0.00,1,12849,5369,balanced
1784615279,5.34,14.74,1503,3800,47.0,40.0,Not charging,100,0.00,1,12849,5369,balanced
1784615280,5.27,15.10,855,2870,38.0,40.0,Not charging,100,0.00,1,12849,5369,balanced
1784615281,5.04,15.22,1400,4248,66.0,40.0,Not charging,100,0.00,1,12849,5369,balanced
1784615282,9.14,20.56,943,2569,38.0,40.0,Not charging,100,0.00,1,12849,5369,balanced
1784615284,4.22,13.27,1626,3709,41.0,40.0,Not charging,100,0.00,1,12849,5369,balanced
1784615285,6.34,16.57,712,2522,38.0,40.0,Not charging,100,0.00,1,12849,5369,balanced
1784615286,4.61,13.23,822,1801,38.0,40.0,Not charging,100,0.00,1,12849,5369,balanced
1784615287,3.56,12.11,1045,3024,38.0,40.0,Not charging,100,0.00,1,12849,5369,balanced
1784615288,4.81,14.69,1030,1846,40.0,40.0,Not charging,100,0.00,1,12849,5369,balanced
1784615289,7.32,18.54,1300,3243,45.0,40.0,Not charging,100,0.00,1,12849,5369,balanced
1784615290,7.40,18.11,1119,3421,41.0,40.0,Not charging,100,0.00,1,12849,5369,balanced
1784615291,9.94,21.33,1444,3321,47.0,40.0,Not charging,100,0.00,1,12849,5369,balanced
1784615292,4.10,13.22,815,2014,38.0,40.0,Not charging,100,0.00,1,12849,5369,balanced
1784615293,3.74,12.82,675,1711,38.0,40.0,Not charging,100,0.00,1,12849,5369,balanced
1784615294,6.02,16.81,1144,3199,38.0,40.0,Not charging,100,0.00,1,12849,5369,balanced
1784615295,3.74,12.80,891,4416,38.0,40.0,Not charging,100,0.00,1,12849,5369,balanced
1784615296,4.03,13.13,891,2362,38.0,40.0,Not charging,100,0.00,1,12849,5369,balanced
1784615297,6.33,16.20,1038,3407,40.0,40.0,Not charging,100,0.00,1,12849,5369,balanced
1784615298,3.63,12.24,1604,4187,58.0,40.0,Discharging,100,0.07,1,12849,5369,balanced
1784615299,3.72,12.25,1307,2379,38.0,40.0,Not charging,100,0.00,1,12849,5369,balanced
1784615300,4.25,13.50,1088,3344,39.0,40.0,Not charging,100,0.00,1,12849,5369,balanced
1784615301,4.78,14.90,933,1742,38.0,40.0,Not charging,100,0.00,1,12849,5369,balanced
1784615303,5.67,15.29,999,3354,41.0,40.0,Not charging,100,0.00,1,12849,5369,balanced
1784615304,6.49,16.16,833,3372,41.0,40.0,Not charging,100,0.00,1,12849,5369,balanced
1784615305,5.20,14.31,936,3400,41.0,40.0,Not charging,100,0.00,1,12849,5369,balanced
1784615306,3.22,11.39,1830,3936,45.0,40.0,Not charging,100,0.00,1,12849,5369,balanced
1784615307,5.75,14.84,852,1576,39.0,40.0,Not charging,100,0.00,1,12849,5369,balanced
1784615308,5.73,15.31,765,3359,39.0,40.0,Discharging,100,0.02,1,12849,5369,balanced
1784615309,5.10,13.96,1660,3392,45.0,40.0,Not charging,100,0.00,1,12849,5369,balanced
1784615310,6.09,16.21,794,3356,40.0,40.0,Not charging,100,0.00,1,12849,5369,balanced
1784615311,6.40,16.14,2075,4640,46.0,40.0,Discharging,100,0.03,1,12849,5369,balanced
1784615312,6.74,16.73,1189,3399,43.0,40.0,Discharging,100,0.03,1,12849,5369,balanced
1784615313,5.40,14.46,1405,2095,41.0,40.0,Not charging,100,0.00,1,12849,5369,balanced
1784615314,7.36,17.30,1625,3382,40.0,40.0,Not charging,100,0.00,1,12849,5369,balanced
1784615315,6.62,16.53,872,1653,38.0,40.0,Not charging,100,0.00,1,12849,5369,balanced
1784615316,4.66,13.53,774,1600,40.0,40.0,Not charging,100,0.00,1,12849,5369,balanced
1784615317,4.50,13.55,2483,4487,68.0,40.0,Not charging,100,0.00,1,12849,5369,balanced
1784615318,6.76,16.35,737,2933,39.0,40.0,Not charging,100,0.00,1,12849,5369,balanced
1784615319,6.84,16.52,1863,4526,50.0,40.0,Not charging,100,0.00,1,12849,5369,balanced
1784615320,3.95,12.38,801,3402,41.0,40.0,Not charging,100,0.00,1,12849,5369,balanced
1784615321,3.55,11.89,1787,4499,60.0,40.0,Not charging,100,0.00,1,12849,5369,balanced
1784615322,8.62,18.84,1363,3436,43.0,40.0,Not charging,100,0.00,1,12849,5369,balanced
1784615323,6.54,16.50,883,3194,41.0,40.0,Not charging,100,0.00,1,12849,5369,balanced
1784615325,3.74,12.62,713,3095,40.0,40.0,Not charging,100,0.00,1,12849,5369,balanced
1784615326,5.28,14.71,687,2325,38.0,40.0,Not charging,100,0.00,1,12849,5369,balanced
1784615327,3.31,11.69,996,4318,41.0,40.0,Not charging,100,0.00,1,12849,5369,balanced
1784615328,4.12,12.91,864,2523,39.0,40.0,Not charging,100,0.00,1,12849,5369,balanced
1784615329,3.67,12.28,946,3378,41.0,40.0,Not charging,100,0.00,1,12849,5369,balanced
1784615330,4.71,14.01,635,2061,38.0,40.0,Not charging,100,0.00,1,12849,5369,balanced
1784615331,3.71,12.17,736,3109,38.0,40.0,Not charging,100,0.00,1,12849,5369,balanced
1784615332,4.06,13.50,734,3187,38.0,40.0,Not charging,100,0.00,1,12849,5369,balanced
1784615333,3.56,12.16,894,3363,41.0,40.0,Not charging,100,0.00,1,12849,5369,balanced
1784615334,3.99,13.35,693,1802,37.0,40.0,Not charging,100,0.00,1,12849,5369,balanced
1784615335,3.44,11.80,1108,3398,43.0,40.0,Not charging,100,0.00,1,12849,5369,balanced
1784615336,4.57,13.84,882,3389,40.0,40.0,Not charging,100,0.00,1,12849,5369,balanced
1784615337,4.98,14.35,992,2038,37.0,40.0,Not charging,100,0.00,1,12849,5369,balanced
1784615338,6.42,17.83,563,1700,40.0,40.0,Not charging,100,0.00,1,12849,5369,balanced
1784615339,3.88,12.65,607,1855,38.0,40.0,Discharging,100,0.09,1,12849,5369,balanced
1784615340,5.83,16.00,867,3344,43.0,40.0,Not charging,100,0.00,1,12849,5369,balanced
1784615341,3.55,12.43,599,2325,38.0,40.0,Not charging,100,0.00,1,12849,5369,balanced
1784615342,5.19,14.98,619,1700,38.0,40.0,Not charging,100,0.00,1,12849,5369,balanced
1784615344,6.40,16.35,999,3422,46.0,40.0,Not charging,100,0.00,1,12849,5369,balanced
1784615345,4.58,14.03,959,1806,38.0,40.0,Not charging,100,0.00,1,12849,5369,balanced
1784615346,3.89,12.72,955,1800,37.0,40.0,Not charging,100,0.00,1,12849,5369,balanced
1784615347,9.49,21.00,2037,3622,47.0,40.0,Not charging,100,0.00,1,12849,5369,balanced
1784615348,9.05,20.42,2244,4577,57.0,40.0,Not charging,100,0.00,1,12849,5369,balanced
1784615349,11.04,22.47,933,1700,38.0,40.0,Not charging,100,0.00,1,12849,5369,balanced
1784615350,4.42,14.11,1212,3066,39.0,40.0,Not charging,100,0.00,1,12849,5369,balanced
1784615351,4.39,13.52,620,3336,39.0,40.0,Not charging,100,0.00,1,12849,5369,balanced
1784615352,2.78,11.61,934,3337,38.0,40.0,Not charging,100,0.00,1,12849,5369,balanced
1784615353,2.78,10.94,921,2721,42.0,40.0,Not charging,100,0.00,1,12849,5369,balanced
1784615354,7.84,18.83,582,1800,38.0,40.0,Not charging,100,0.00,1,12849,5369,balanced
1784615355,3.99,13.03,1531,4495,42.0,40.0,Not charging,100,0.00,1,12849,5369,balanced
1784615356,4.65,14.07,1118,4516,62.0,40.0,Not charging,100,0.00,1,12849,5369,balanced
1784615357,10.02,20.99,1462,3610,43.0,40.0,Not charging,100,0.00,1,12849,5369,balanced
1784615358,6.70,17.62,649,2309,40.0,40.0,Discharging,100,0.03,1,12849,5369,balanced
1784615359,3.18,11.47,957,3400,38.0,40.0,Not charging,100,0.00,1,12849,5369,balanced
1784615360,4.32,13.28,1238,4281,42.0,40.0,Not charging,100,0.00,1,12849,5369,balanced
1784615361,4.34,13.17,1171,3942,39.0,40.0,Not charging,100,0.00,1,12849,5369,balanced
1784615362,4.29,13.53,992,2170,38.0,40.0,Not charging,100,0.00,1,12849,5369,balanced
1784615364,7.56,18.42,1016,3378,40.0,40.0,Not charging,100,0.00,1,12849,5369,balanced
1784615365,4.17,13.15,799,3359,41.0,40.0,Not charging,100,0.00,1,12849,5369,balanced
1784615366,4.82,14.15,1341,2443,39.0,40.0,Not charging,100,0.00,1,12849,5369,balanced
1784615367,4.67,13.73,1015,4454,40.0,40.0,Not charging,100,0.00,1,12849,5369,balanced
1784615368,4.54,14.58,953,2009,39.0,40.0,Not charging,100,0.00,1,12849,5369,balanced
1784615369,5.34,14.78,1299,3117,39.0,40.0,Not charging,100,0.00,1,12849,5369,balanced
1784615370,4.24,13.21,1026,3399,42.0,40.0,Not charging,100,0.00,1,12849,5369,balanced
1784615371,4.79,14.14,563,1871,38.0,40.0,Not charging,100,0.00,1,12849,5369,balanced
1784615372,4.01,13.04,1461,3880,41.0,40.0,Not charging,100,0.00,1,12849,5369,balanced
1784615373,4.60,14.18,950,2389,38.0,40.0,Not charging,100,0.00,1,12849,5369,balanced
1784615374,4.10,13.09,1107,3405,40.0,40.0,Not charging,100,0.00,1,12849,5369,balanced
1784615375,4.11,12.91,720,2857,39.0,40.0,Not charging,100,0.00,1,12849,5369,balanced
1784615376,3.79,12.63,1143,2067,37.0,40.0,Not charging,100,0.00,1,12849,5369,balanced
1784615377,4.10,13.10,664,2277,38.0,40.0,Not charging,100,0.00,1,12849,5369,balanced
1784615378,3.83,12.55,897,3202,39.0,40.0,Not charging,100,0.00,1,12849,5369,balanced
1784615379,4.20,13.15,721,2855,40.0,40.0,Not charging,100,0.00,1,12849,5369,balanced
1784615380,3.44,12.34,1700,2700,38.0,40.0,Not charging,100,0.00,1,12849,5369,balanced
1784615381,4.35,13.84,1389,3380,40.0,40.0,Not charging,100,0.00,1,12849,5369,balanced
1784615383,4.54,13.85,699,1841,38.0,40.0,Not charging,100,0.00,1,12849,5369,balanced
1784615384,4.29,13.50,1270,3191,41.0,40.0,Not charging,100,0.00,1,12849,5369,balanced
1784615385,5.26,14.58,1105,3376,41.0,40.0,Not charging,100,0.00,1,12849,5369,balanced
1784615386,3.82,12.43,1453,3106,38.0,40.0,Not charging,100,0.00,1,12849,5369,balanced
1784615387,3.77,13.00,1580,4079,40.0,40.0,Not charging,100,0.00,1,12849,5369,balanced
1784615388,4.75,14.00,1493,3616,39.0,40.0,Not charging,100,0.00,1,12849,5369,balanced
1784615389,4.26,13.33,834,1877,37.0,40.0,Not charging,100,0.00,1,12849,5369,balanced
1784615390,2.69,10.89,717,2901,40.0,40.0,Not charging,100,0.00,1,12849,5369,balanced
1784615391,2.55,10.54,980,2144,38.0,40.0,Not charging,100,0.00,1,12849,5369,balanced
1784615392,3.73,12.44,797,2428,38.0,40.0,Not charging,100,0.00,1,12849,5369,balanced
1784615393,6.22,16.11,1177,1852,38.0,40.0,Not charging,100,0.00,1,12849,5369,balanced
1784615394,6.77,16.96,939,1542,37.0,40.0,Not charging,100,0.00,1,12849,5369,balanced
1784615395,4.65,14.07,964,2513,38.0,40.0,Not charging,100,0.00,1,12849,5369,balanced
1784615396,4.36,13.21,834,3371,40.0,40.0,Not charging,100,0.00,1,12849,5369,balanced
1784615397,10.64,22.17,994,2198,37.0,40.0,Not charging,100,0.00,1,12859,5375,balanced
1784615398,6.83,18.23,1090,2203,39.0,40.0,Not charging,100,0.00,1,12859,5375,balanced
1784615399,7.84,19.24,1159,3698,38.0,40.0,Not charging,100,0.00,1,12859,5375,balanced
1784615400,6.28,15.20,653,2924,39.0,40.0,Not charging,100,0.00,1,12859,5375,balanced
1784615402,6.86,14.55,1023,3154,41.0,40.0,Not charging,100,0.00,1,12859,5375,balanced
1784615403,4.69,11.87,1060,2390,38.0,40.0,Not charging,100,0.00,1,12859,5375,balanced
1784615404,5.42,12.32,2110,3852,42.0,40.0,Not charging,100,0.00,1,12859,5375,balanced
1784615405,4.29,10.80,1022,3398,41.0,40.0,Not charging,100,0.00,1,12859,5375,balanced
1784615406,4.84,11.83,1190,3396,39.0,40.0,Not charging,100,0.00,1,12859,5375,balanced
1784615407,5.13,12.35,1914,4328,42.0,40.0,Not charging,100,0.00,1,12859,5375,balanced
1784615408,8.67,16.92,1457,3390,47.0,40.0,Not charging,100,0.00,1,12859,5375,balanced
1784615409,6.13,15.12,813,1848,39.0,40.0,Not charging,100,0.00,1,12859,5375,balanced
1784615410,8.14,17.09,1002,2586,40.0,40.0,Not charging,100,0.00,1,12859,5375,balanced
1784615411,4.90,11.97,1255,3353,43.0,40.0,Not charging,100,0.00,1,12859,5375,balanced
1784615412,4.31,11.07,871,3376,40.0,40.0,Not charging,100,0.00,1,12859,5375,balanced
1784615413,4.10,10.23,794,1793,38.0,40.0,Not charging,100,0.00,1,12859,5375,balanced
1784615414,4.34,11.26,653,2085,38.0,40.0,Not charging,100,0.00,1,12859,5375,balanced
1784615415,4.48,11.13,689,3340,39.0,40.0,Not charging,100,0.00,1,12859,5375,balanced
1784615416,6.59,14.32,1502,3409,40.0,40.0,Not charging,100,0.00,1,12859,5375,balanced
1784615417,6.36,15.11,1449,3381,43.0,40.0,Not charging,100,0.00,1,12859,5375,balanced
1784615418,7.40,15.40,1626,4031,42.0,40.0,Not charging,100,0.00,1,12859,5375,balanced
1784615419,9.18,18.02,1097,3386,38.0,40.0,Not charging,100,0.00,1,12859,5375,balanced
1784615420,5.56,13.76,884,1709,38.0,40.0,Not charging,100,0.00,1,12859,5375,balanced
1784615421,4.91,12.31,1149,3400,42.0,40.0,Not charging,100,0.00,1,12859,5375,balanced
1784615423,4.04,10.47,961,2912,38.0,40.0,Not charging,100,0.00,1,12859,5375,balanced
1784615424,4.26,10.75,1593,4111,40.0,40.0,Not charging,100,0.00,1,12859,5375,balanced
1784615425,4.27,10.62,1026,3399,39.0,40.0,Not charging,100,0.00,1,12859,5375,balanced
1784615426,4.69,11.69,731,3376,39.0,40.0,Not charging,100,0.00,1,12859,5375,balanced
1784615427,4.35,11.17,625,2285,40.0,40.0,Not charging,100,0.00,1,12859,5375,balanced
1784615428,6.02,13.74,1834,4305,40.0,40.0,Not charging,100,0.00,1,12859,5375,balanced
1784615429,6.79,14.64,1254,2777,40.0,40.0,Not charging,100,0.00,1,12859,5375,balanced
1784615430,9.65,19.04,1203,3400,41.0,40.0,Not charging,100,0.00,1,12859,5375,balanced
1784615431,5.20,13.10,1335,3400,40.0,40.0,Not charging,100,0.00,1,12859,5375,balanced
1784615432,4.18,11.53,864,3413,45.0,40.0,Not charging,100,0.00,1,12859,5375,balanced
1784615433,4.52,11.36,1727,3401,44.0,40.0,Not charging,100,0.00,1,12859,5375,balanced
1784615434,4.20,10.65,817,1800,40.0,40.0,Not charging,100,0.00,1,12859,5375,balanced
1784615435,4.99,12.04,986,2129,38.0,40.0,Not charging,100,0.00,1,12859,5375,balanced
1784615436,3.67,9.72,774,2002,38.0,40.0,Not charging,100,0.00,1,12859,5375,balanced
1784615437,4.25,11.13,676,1983,37.0,40.0,Not charging,100,0.00,1,12859,5375,balanced
1784615438,5.66,12.99,832,3378,41.0,40.0,Not charging,100,0.00,1,12859,5375,balanced
1784615439,4.89,12.30,1728,3129,40.0,40.0,Not charging,100,0.00,1,12859,5375,balanced
1784615440,4.92,12.03,945,1674,38.0,40.0,Not charging,100,0.00,1,12859,5375,balanced
1784615442,5.24,12.01,1164,2552,38.0,40.0,Not charging,100,0.00,1,12859,5375,balanced
1784615443,3.93,10.44,867,2351,38.0,40.0,Not charging,100,0.00,1,12859,5375,balanced
1784615444,3.71,9.96,880,1835,38.0,40.0,Not charging,100,0.00,1,12859,5375,balanced
1784615445,6.98,16.24,1662,3546,38.0,40.0,Not charging,100,0.00,1,12859,5375,balanced
1784615446,7.08,14.94,935,3364,40.0,40.0,Not charging,100,0.00,1,12859,5375,balanced
1784615447,4.28,10.34,1021,2598,38.0,40.0,Not charging,100,0.00,1,12859,5375,balanced
1784615448,3.95,10.28,900,3397,40.0,40.0,Not charging,100,0.00,1,12859,5375,balanced
1784615449,3.53,9.60,1294,3422,41.0,40.0,Not charging,100,0.00,1,12859,5375,balanced
1784615450,5.35,12.17,1830,3379,45.0,40.0,Not charging,100,0.00,1,12859,5375,balanced
1784615451,5.25,12.71,1360,3403,40.0,40.0,Not charging,100,0.00,1,12859,5375,balanced
1784615452,2.65,8.15,803,3370,40.0,40.0,Not charging,100,0.00,1,12859,5375,balanced
1784615453,2.44,7.76,947,3362,40.0,40.0,Not charging,100,0.00,1,12859,5375,balanced
1784615454,2.82,8.68,842,3410,38.0,40.0,Not charging,100,0.00,1,12859,5375,balanced
1784615455,2.74,8.49,852,3373,42.0,40.0,Not charging,100,0.00,1,12859,5375,balanced
1784615456,3.40,9.27,640,1718,37.0,40.0,Not charging,100,0.00,1,12859,5375,balanced
1784615457,6.69,14.86,1298,2842,40.0,40.0,Not charging,100,0.00,1,12859,5375,balanced
1784615458,10.41,20.47,1021,1501,41.0,40.0,Discharging,100,0.09,1,12859,5375,balanced
1784615459,5.00,12.10,1037,1808,38.0,40.0,Discharging,100,0.09,1,12859,5375,balanced
1784615460,4.62,11.84,608,1624,38.0,40.0,Not charging,100,0.00,1,12859,5375,balanced
1784615462,6.18,13.81,772,1701,39.0,40.0,Not charging,100,0.00,1,12859,5375,balanced
1784615463,3.52,10.20,1020,1540,38.0,40.0,Not charging,100,0.00,1,12859,5375,balanced
1784615464,3.72,11.45,553,2284,38.0,40.0,Not charging,100,0.00,1,12859,5375,balanced
1784615465,5.22,15.27,1167,2452,38.0,40.0,Not charging,100,0.00,1,12859,5375,balanced
1784615466,3.95,13.08,561,1618,38.0,39.0,Not charging,100,0.00,1,12859,5375,balanced
1784615467,3.94,13.05,833,2291,37.0,39.0,Not charging,100,0.00,1,12859,5375,balanced
1784615468,3.79,13.23,812,1715,38.0,39.0,Not charging,100,0.00,1,12859,5375,balanced
1784615469,4.00,14.14,635,2583,40.0,39.0,Not charging,100,0.00,1,12859,5375,balanced
1784615470,3.89,13.57,564,1913,37.0,39.0,Not charging,100,0.00,1,12859,5375,balanced
1784615471,3.28,11.98,558,1698,37.0,39.0,Not charging,100,0.00,1,12859,5375,balanced
1784615472,4.00,13.39,815,2690,38.0,39.0,Not charging,100,0.00,1,12859,5375,balanced
1784615473,3.71,12.88,615,2634,40.0,39.0,Not charging,100,0.00,1,12859,5375,balanced
1784615474,3.66,12.90,612,2112,40.0,39.0,Not charging,100,0.00,1,12859,5375,balanced
1784615475,2.62,10.76,646,1704,37.0,39.0,Not charging,100,0.00,1,12859,5375,balanced
1784615476,2.61,11.08,626,3376,39.0,39.0,Not charging,100,0.00,1,12859,5375,balanced
1784615477,3.76,12.59,1018,3871,38.0,39.0,Not charging,100,0.00,1,12859,5375,balanced
1784615478,4.01,13.49,934,4549,38.0,39.0,Not charging,100,0.00,1,12859,5375,balanced
1784615480,3.09,11.41,753,3338,40.0,39.0,Not charging,100,0.00,1,12859,5375,balanced
1784615481,3.60,12.27,1199,2974,37.0,39.0,Not charging,100,0.00,1,12859,5375,balanced
1784615482,3.92,12.82,603,3367,42.0,39.0,Not charging,100,0.00,1,12859,5375,balanced
1784615483,4.18,13.13,1396,3157,39.0,39.0,Not charging,100,0.00,1,12859,5375,balanced
1784615484,4.03,13.01,768,2360,37.0,39.0,Not charging,100,0.00,1,12859,5375,balanced
1784615485,3.65,12.39,2354,3936,61.0,39.0,Not charging,100,0.00,1,12859,5375,balanced
1784615486,10.14,21.56,861,2042,37.0,39.0,Not charging,100,0.00,1,12859,5375,balanced
1784615487,4.35,13.61,943,2309,37.0,39.0,Not charging,100,0.00,1,12859,5375,balanced
1784615488,5.60,15.84,914,3397,41.0,39.0,Not charging,100,0.00,1,12859,5375,balanced
1784615489,5.61,15.90,713,1800,38.0,39.0,Not charging,100,0.00,1,12859,5375,balanced
1784615490,3.53,12.27,610,3104,38.0,39.0,Not charging,100,0.00,1,12859,5375,balanced
1784615491,4.52,14.16,990,3400,40.0,39.0,Not charging,100,0.00,1,12859,5375,balanced
1784615492,3.03,11.40,760,2214,37.0,39.0,Not charging,100,0.00,1,12859,5375,balanced
1784615493,3.36,11.32,1097,3368,38.0,39.0,Not charging,100,0.00,1,12859,5375,balanced
1784615494,26.42,40.45,1334,3590,47.0,39.0,Not charging,100,0.00,1,12860,5375,balanced
1784615495,9.36,17.72,951,3389,42.0,39.0,Discharging,100,0.28,1,12860,5375,balanced
1784615496,12.85,31.29,1452,4540,52.0,39.0,Not charging,100,0.00,1,12860,5375,balanced
1784615497,18.99,36.16,1896,4563,79.0,39.0,Discharging,100,0.04,1,12860,5375,balanced
1784616973,0.01,0.02,3294,3800,54.0,39.0,Not charging,100,0.00,1,12860,5375,balanced
1784616974,25.07,47.63,2248,4645,59.0,39.0,Discharging,100,0.11,1,12860,5375,balanced
1784616975,14.77,35.48,2055,3599,41.0,38.0,Discharging,100,0.25,1,12860,5375,balanced
1784616976,5.53,26.67,739,1700,33.0,38.0,Discharging,100,0.03,1,12860,5375,balanced
1784616977,4.28,22.27,928,2865,33.0,37.0,Not charging,100,0.00,1,12860,5375,balanced
1784616978,8.34,28.83,873,2233,35.0,36.0,Not charging,100,0.00,1,12860,5375,balanced
1784616979,5.77,24.69,758,2052,34.0,36.0,Discharging,100,0.04,1,12860,5375,balanced
1784616980,6.27,25.39,1148,3430,38.0,35.0,Not charging,100,0.00,1,12860,5375,balanced
1784616981,9.10,28.65,1372,4373,38.0,35.0,Discharging,100,0.06,1,12860,5375,balanced
1784616982,10.88,30.91,1029,4593,52.0,34.0,Discharging,100,0.05,1,12860,5375,balanced
1784616983,6.11,24.88,813,2262,34.0,34.0,Not charging,100,0.00,1,12860,5375,balanced
1784616984,5.64,25.36,950,2407,34.0,33.0,Not charging,100,0.00,1,12860,5375,balanced
1784616985,5.70,21.62,1041,3728,38.0,32.0,Not charging,100,0.00,1,12860,5375,balanced
1784616986,8.69,22.79,1425,3345,38.0,32.0,Not charging,100,0.00,1,12860,5375,balanced
1784616987,8.59,22.22,1175,4062,36.0,32.0,Not charging,100,0.00,1,12860,5375,balanced
1784616988,6.84,20.40,1088,1666,38.0,32.0,Not charging,100,0.00,1,12860,5375,balanced
1784616989,14.65,30.88,2069,4382,49.0,31.1,Not charging,100,0.00,1,12860,5375,balanced
1784616990,15.34,31.43,1587,4378,52.0,31.1,Discharging,100,0.05,1,12860,5375,balanced
1784616991,9.43,24.85,1478,3689,40.0,31.1,Discharging,100,0.02,1,12860,5375,balanced
1784616992,5.06,17.95,965,2944,37.0,32.0,Not charging,100,0.00,1,12860,5375,balanced
1784616993,4.06,16.11,657,1500,36.0,32.0,Not charging,100,0.00,1,12860,5375,balanced
1784616995,12.03,28.14,611,1861,38.0,32.0,Not charging,100,0.00,1,12860,5375,balanced
1784616996,3.71,11.07,1184,3408,39.0,32.0,Not charging,100,0.00,1,12860,5375,balanced
1784616997,3.85,10.98,619,1800,36.0,32.0,Not charging,100,0.00,1,12860,5375,balanced
1784616998,4.04,11.59,750,1600,36.0,32.0,Not charging,100,0.00,1,12860,5375,balanced
1784616999,5.94,14.45,918,3369,39.0,33.0,Not charging,100,0.00,1,12860,5375,balanced
1784617000,5.96,15.33,897,2958,37.0,33.0,Not charging,100,0.00,1,12860,5375,balanced
1784617001,3.82,11.45,650,1890,36.0,33.0,Not charging,100,0.00,1,12860,5375,balanced
1784617002,3.79,10.99,593,2979,39.0,33.0,Not charging,100,0.00,1,12860,5375,balanced
1784617003,3.32,10.17,647,3399,37.0,33.0,Not charging,100,0.00,1,12860,5375,balanced
1784617004,5.34,14.00,2208,4437,47.0,33.0,Not charging,100,0.00,1,12860,5375,balanced
1784617005,10.25,22.09,1269,3779,36.0,33.0,Discharging,100,0.02,1,12860,5375,balanced
1784617006,3.94,11.25,678,2281,36.0,33.0,Not charging,100,0.00,1,12860,5375,balanced
1784617007,3.34,10.39,835,3396,37.0,33.0,Not charging,100,0.00,1,12860,5375,balanced
1784617008,4.52,12.28,821,3702,36.0,34.0,Not charging,100,0.00,1,12860,5375,balanced
1784617009,4.48,12.09,958,3121,38.0,34.0,Not charging,100,0.00,1,12860,5375,balanced
1784617010,4.01,11.02,737,3317,37.0,34.0,Not charging,100,0.00,1,12860,5375,balanced
1784617011,4.73,12.06,524,1868,37.0,34.0,Not charging,100,0.00,1,12860,5375,balanced
1784617012,4.25,12.26,727,1700,36.0,34.0,Not charging,100,0.00,1,12860,5375,balanced
1784617014,4.17,11.74,849,2032,36.0,34.0,Not charging,100,0.00,1,12860,5375,balanced
1784617015,4.09,11.92,659,1778,36.0,34.0,Not charging,100,0.00,1,12860,5375,balanced
1784617016,4.40,12.77,1168,3367,40.0,34.0,Not charging,100,0.00,1,12860,5375,balanced
1784617017,4.50,12.32,759,2006,37.0,34.0,Not charging,100,0.00,1,12860,5375,balanced
1784617018,3.97,11.31,881,4477,37.0,34.0,Not charging,100,0.00,1,12860,5375,balanced
1784617019,8.77,18.56,2959,3945,58.0,34.0,Not charging,100,0.00,1,12860,5375,balanced
1784617020,5.68,14.68,1061,3371,38.0,34.0,Not charging,100,0.00,1,12860,5375,balanced
1784617021,3.55,10.37,749,3097,37.0,35.0,Not charging,100,0.00,1,12860,5375,balanced
1784617022,3.47,10.77,961,3403,39.0,35.0,Not charging,100,0.00,1,12860,5375,balanced
1784617023,3.58,10.91,790,3343,37.0,35.0,Not charging,100,0.00,1,12860,5375,balanced
1784617024,3.24,9.63,672,3359,39.0,35.0,Not charging,100,0.00,1,12860,5375,balanced
1784617025,3.35,9.75,770,3099,40.0,35.0,Not charging,100,0.00,1,12860,5375,balanced
1784617026,3.76,11.13,655,3313,38.0,35.0,Not charging,100,0.00,1,12860,5375,balanced
1784617027,3.49,10.39,644,3344,37.0,35.0,Not charging,100,0.00,1,12860,5375,balanced
1784617028,6.41,15.09,526,1700,37.0,35.0,Not charging,100,0.00,1,12860,5375,balanced
1784617029,3.22,9.65,681,3377,39.0,35.0,Not charging,100,0.00,1,12860,5375,balanced
1784617030,3.42,10.54,1227,4095,46.0,35.0,Not charging,100,0.00,1,12860,5375,balanced
1784617031,6.05,13.87,747,2113,37.0,35.0,Not charging,100,0.00,1,12860,5375,balanced
1784617032,3.25,9.59,597,1806,36.0,35.0,Not charging,100,0.00,1,12860,5375,balanced
1784617034,3.06,9.35,556,1913,37.0,35.0,Not charging,100,0.00,1,12860,5375,balanced
1784617035,3.15,8.66,602,1744,36.0,35.0,Not charging,100,0.00,1,12860,5375,balanced
1784617036,3.00,7.16,806,3254,36.0,35.0,Not charging,100,0.00,1,12860,5375,balanced
1784617037,3.01,7.21,546,1600,37.0,35.0,Not charging,100,0.00,1,12860,5375,balanced
1784617038,3.30,7.84,822,3399,38.0,35.0,Not charging,100,0.00,1,12860,5375,balanced
1784617039,3.31,7.82,772,3392,38.0,35.0,Not charging,100,0.00,1,12860,5375,balanced
1784617040,3.06,7.13,754,3400,38.0,36.0,Not charging,100,0.00,1,12860,5375,balanced
1784617041,2.96,6.68,922,3245,37.0,36.0,Not charging,100,0.00,1,12860,5375,balanced
1784617042,2.54,6.13,780,2778,38.0,36.0,Not charging,100,0.00,1,12860,5375,balanced
1784617043,2.30,5.23,840,2759,36.0,36.0,Not charging,100,0.00,1,12860,5375,balanced
1784617044,2.63,6.36,1186,3565,36.0,36.0,Not charging,100,0.00,1,12860,5375,balanced
1784617045,2.61,6.04,1029,3303,38.0,36.0,Not charging,100,0.00,1,12860,5375,balanced
1784617046,3.75,9.27,1013,3180,37.0,36.0,Not charging,100,0.00,1,12860,5375,balanced
1784617047,3.26,7.56,518,1600,37.0,36.0,Not charging,100,0.00,1,12860,5375,balanced
1784617048,3.27,7.60,804,2925,37.0,36.0,Not charging,100,0.00,1,12860,5375,balanced
1784617049,11.36,19.44,1480,4499,54.0,36.0,Not charging,100,0.00,1,12860,5375,balanced
1784617050,6.55,13.52,1096,1700,38.0,36.0,Not charging,100,0.00,1,12860,5375,balanced
1784617051,3.50,8.51,652,1707,37.0,36.0,Not charging,100,0.00,1,12860,5375,balanced
1784617052,3.07,7.22,630,2020,37.0,36.0,Not charging,100,0.00,1,12860,5375,balanced
1784617054,2.98,7.02,657,1700,38.0,36.0,Not charging,100,0.00,1,12860,5375,balanced
1784617055,3.06,7.18,992,3412,39.0,36.0,Not charging,100,0.00,1,12860,5375,balanced
1784617056,3.10,7.19,701,2603,38.0,36.0,Not charging,100,0.00,1,12860,5375,balanced
1784617057,3.35,8.20,604,1823,39.0,36.0,Not charging,100,0.00,1,12860,5375,balanced
1784617058,5.97,11.16,729,3076,38.0,36.0,Not charging,100,0.00,1,12860,5375,balanced
1784617059,3.45,8.74,563,1700,37.0,36.0,Not charging,100,0.00,1,12860,5375,balanced
1784617060,3.34,7.87,979,3389,37.0,36.0,Not charging,100,0.00,1,12860,5375,balanced
1784617061,3.64,9.02,2493,3800,48.0,36.0,Not charging,100,0.00,1,12860,5375,balanced
1784617062,4.84,12.54,890,3343,38.0,36.0,Not charging,100,0.00,1,12860,5375,balanced
1784617063,3.62,10.07,592,1700,38.0,36.0,Not charging,100,0.00,1,12860,5375,balanced
1784617064,3.67,10.63,650,1875,38.0,36.0,Not charging,100,0.00,1,12860,5375,balanced
1784617065,4.19,11.22,1567,3650,39.0,36.0,Not charging,100,0.00,1,12860,5375,balanced
1784617066,11.12,21.41,1391,3389,43.0,36.0,Not charging,100,0.00,1,12860,5375,balanced
1784617067,5.95,15.51,775,1732,38.0,36.0,Discharging,100,0.05,1,12860,5375,balanced
1784617068,3.24,9.72,888,3356,39.0,36.0,Not charging,100,0.00,1,12860,5375,balanced
1784617069,3.44,10.20,662,2111,37.0,36.0,Not charging,100,0.00,1,12860,5375,balanced
1784617070,3.06,9.39,1099,3444,39.0,36.0,Not charging,100,0.00,1,12860,5375,balanced
1784617071,5.37,14.16,1677,3378,43.0,36.0,Not charging,100,0.00,1,12860,5375,balanced
1784617073,5.14,14.50,1042,2036,37.0,36.0,Not charging,100,0.00,1,12860,5375,balanced
1784617074,8.61,21.66,1314,3388,47.0,36.0,Discharging,100,0.07,1,12860,5375,balanced
1784617075,9.55,24.17,1165,3416,41.0,36.0,Discharging,100,0.07,1,12860,5375,balanced
1784617076,4.74,16.19,756,1644,38.0,36.0,Discharging,100,0.05,1,12860,5375,balanced
1784617077,4.00,14.35,988,3348,41.0,36.0,Not charging,100,0.00,1,12860,5375,balanced
1784617078,4.72,15.65,654,3349,41.0,36.0,Not charging,100,0.00,1,12860,5375,balanced
1784617079,5.19,15.45,847,3178,41.0,36.0,Not charging,100,0.00,1,12860,5375,balanced
1784617080,6.95,16.87,1818,4068,51.0,36.0,Not charging,100,0.00,1,12860,5375,balanced
1784617081,9.20,20.44,918,3399,41.0,36.0,Not charging,100,0.00,1,12860,5375,balanced
1784617082,8.24,19.09,904,2215,40.0,37.0,Not charging,100,0.00,1,12860,5375,balanced
1784617083,9.27,19.74,1274,4468,40.0,37.0,Not charging,100,0.00,1,12860,5375,balanced
1784617084,4.20,11.64,979,2265,40.0,37.0,Not charging,100,0.00,1,12860,5375,balanced
1784617085,8.34,18.15,776,2578,40.0,37.0,Not charging,100,0.00,1,12860,5375,balanced
1784617086,10.66,21.63,1213,3052,40.0,37.0,Not charging,100,0.00,1,12860,5375,balanced
1784617087,3.54,10.35,1668,4087,48.0,37.0,Not charging,100,0.00,1,12860,5375,balanced
1784617088,6.31,16.02,756,1635,39.0,37.0,Not charging,100,0.00,1,12860,5375,balanced
1784617089,4.96,16.07,653,2278,40.0,37.0,Not charging,100,0.00,1,12860,5375,balanced
1784617090,4.30,11.90,795,1704,38.0,37.0,Not charging,100,0.00,1,12860,5375,balanced
1784617092,4.54,13.85,1150,3131,40.0,37.0,Not charging,100,0.00,1,12860,5375,balanced
1784617093,6.21,16.27,1185,3356,39.0,37.0,Not charging,100,0.00,1,12860,5375,balanced
1784617094,23.83,41.90,2798,4000,87.0,37.0,Not charging,100,0.00,1,12864,5375,balanced
1784617095,19.12,46.44,2355,3400,67.0,37.0,Discharging,100,0.05,1,12864,5375,balanced
1784617096,26.98,56.02,2675,3800,60.0,37.0,Discharging,100,0.12,1,12864,5375,balanced
1784617097,27.85,56.60,2593,3700,68.0,37.0,Discharging,100,0.19,1,12864,5375,balanced
1784617098,26.98,54.58,2791,3500,65.0,37.0,Discharging,100,0.07,1,12864,5375,balanced
1784617099,27.11,55.51,1579,3429,58.0,38.0,Discharging,100,0.07,1,12864,5375,balanced
1784617100,8.83,29.98,1540,3198,45.0,38.0,Discharging,100,0.14,1,12864,5375,balanced
1784617101,6.98,27.40,1204,2336,42.0,38.0,Not charging,100,0.00,1,12864,5375,balanced
1784617102,7.85,28.29,740,1811,42.0,38.0,Not charging,100,0.00,1,12864,5375,balanced
1784617103,7.42,27.34,725,1751,43.0,38.0,Not charging,100,0.00,1,12864,5375,balanced
1784617104,7.70,28.38,769,3229,43.0,38.0,Discharging,100,0.05,1,12864,5375,balanced
1784617105,5.83,24.67,1090,3795,43.0,38.0,Not charging,100,0.00,1,12864,5375,balanced
1784617106,6.22,25.83,1052,3409,46.0,38.0,Not charging,100,0.00,1,12864,5375,balanced
1784617107,5.02,19.43,804,2224,43.0,39.0,Not charging,100,0.00,1,12864,5375,balanced
1784617108,5.20,18.47,731,2023,42.0,39.0,Not charging,100,0.00,1,12864,5375,balanced
1784617109,5.17,19.11,713,2613,42.0,39.0,Not charging,100,0.00,1,12864,5375,balanced
1784617110,4.36,17.05,817,2405,42.0,39.0,Not charging,100,0.00,1,12864,5375,balanced
1784617112,4.83,17.73,901,3165,44.0,39.0,Not charging,100,0.00,1,12864,5375,balanced
1784617113,6.41,19.52,854,3421,50.0,39.0,Not charging,100,0.00,1,12864,5375,balanced
1784617114,4.67,17.39,828,2711,44.0,39.0,Discharging,100,0.09,1,12864,5375,balanced
1784617115,4.75,17.94,870,2605,43.0,40.0,Not charging,100,0.00,1,12864,5375,balanced
1784617116,5.60,18.78,2216,3800,64.0,40.0,Not charging,100,0.00,1,12864,5375,balanced
1784617117,12.71,28.31,857,1801,44.0,40.0,Not charging,100,0.00,1,12864,5375,balanced
1784617118,3.90,11.08,1354,3960,54.0,40.0,Not charging,100,0.00,1,12864,5375,balanced
1784617119,11.59,23.96,880,2026,45.0,40.0,Discharging,100,0.14,1,12864,5375,balanced
1784617120,4.96,14.05,1225,3217,43.0,40.0,Not charging,100,0.00,1,12864,5375,balanced
1784617121,5.09,14.19,1360,3624,45.0,40.0,Not charging,100,0.00,1,12864,5375,balanced
1784617122,5.35,14.88,1698,3582,46.0,40.0,Not charging,100,0.00,1,12864,5375,balanced
1784617123,6.84,17.05,1380,3856,45.0,40.0,Not charging,100,0.00,1,12864,5375,balanced
1784617124,7.50,18.35,884,3396,48.0,40.0,Not charging,100,0.00,1,12864,5375,balanced
1784617125,6.56,17.05,985,1699,45.0,40.0,Not charging,100,0.00,1,12864,5375,balanced
1784617126,8.71,19.54,1629,3705,46.0,40.0,Not charging,100,0.00,1,12864,5375,balanced
1784617127,6.02,15.95,880,1400,43.0,40.0,Not charging,100,0.00,1,12864,5375,balanced
1784617128,7.55,24.24,1778,4550,55.0,40.0,Not charging,100,0.00,1,12864,5375,balanced
1784617129,19.67,46.75,2092,3554,56.0,40.0,Not charging,100,0.00,1,12864,5375,balanced
1784617130,12.11,33.68,1035,3045,45.0,40.0,Not charging,100,0.00,1,12864,5375,balanced
1784617131,6.29,25.70,893,1856,45.0,40.0,Not charging,100,0.00,1,12864,5375,balanced
1784617133,7.92,28.15,988,1680,45.0,40.0,Not charging,100,0.00,1,12864,5375,balanced
1784617134,5.84,24.84,716,2366,45.0,41.0,Discharging,100,0.19,1,12864,5375,balanced
1784617135,5.57,22.22,744,1600,44.0,41.0,Not charging,100,0.00,1,12864,5375,balanced
1784617136,5.79,22.78,1533,3394,46.0,41.0,Not charging,100,0.00,1,12864,5375,balanced
1784617137,6.56,23.53,901,1886,45.0,41.0,Not charging,100,0.00,1,12864,5375,balanced
1784617138,6.17,23.38,1149,3260,48.0,41.0,Not charging,100,0.00,1,12864,5375,balanced
1784617139,8.24,25.96,1245,4173,48.0,41.0,Not charging,100,0.00,1,12864,5375,balanced
1784617140,9.89,29.07,1176,3357,50.0,41.0,Not charging,100,0.00,1,12864,5375,balanced
1784617141,6.36,20.78,1584,4219,50.0,41.0,Not charging,100,0.00,1,12864,5375,balanced
1784617142,8.56,21.76,904,2080,47.0,41.0,Not charging,100,0.00,1,12864,5375,balanced
1784617143,9.04,21.98,1137,3126,47.0,41.0,Not charging,100,0.00,1,12864,5375,balanced
1784617144,6.40,17.83,777,3397,47.0,41.0,Not charging,100,0.00,1,12864,5375,balanced
1784617145,7.42,19.30,2182,4632,60.0,41.0,Not charging,100,0.00,1,12864,5375,balanced
1784617146,6.87,18.17,1458,3331,46.0,41.0,Not charging,100,0.00,1,12864,5375,balanced
1784617147,7.76,19.50,1182,3399,48.0,41.0,Not charging,100,0.00,1,12864,5375,balanced
1784617148,10.47,23.27,1880,3908,52.0,41.0,Not charging,100,0.00,1,12864,5375,balanced
1784617149,7.04,18.31,1186,3243,48.0,41.0,Discharging,100,0.09,1,12864,5375,balanced
1784617151,17.19,34.35,1799,4587,55.0,42.0,Not charging,100,0.00,1,12864,5375,balanced
1784617152,5.60,15.91,1533,4510,47.0,42.0,Not charging,100,0.00,1,12864,5375,balanced
1784617153,5.45,12.84,1163,3400,50.0,42.0,Not charging,100,0.00,1,12864,5375,balanced
1784617154,7.51,16.52,1147,3003,48.0,42.0,Not charging,100,0.00,1,12864,5375,balanced
1784617155,4.89,11.87,739,1600,46.0,42.0,Not charging,100,0.00,1,12864,5375,balanced
1784617156,5.05,12.61,1867,3150,46.0,42.0,Not charging,100,0.00,1,12864,5375,balanced
1784617157,9.24,17.85,1347,4359,49.0,42.0,Not charging,100,0.00,1,12864,5375,balanced
1784617158,8.40,16.33,906,1745,51.0,42.0,Not charging,100,0.00,1,12864,5375,balanced
1784617159,5.65,14.04,988,1947,45.0,42.0,Not charging,100,0.00,1,12864,5375,balanced
1784617160,5.35,12.75,1057,2178,43.0,42.0,Not charging,100,0.00,1,12864,5375,balanced
1784617161,5.81,13.60,1351,3003,44.0,42.0,Not charging,100,0.00,1,12864,5375,balanced
1784617162,5.21,12.09,1064,3004,45.0,42.0,Not charging,100,0.00,1,12864,5375,balanced
1784617163,5.43,12.80,973,1900,45.0,42.0,Not charging,100,0.00,1,12864,5375,balanced
1784617164,5.35,12.74,1523,3411,45.0,42.0,Not charging,100,0.00,1,12864,5375,balanced
1784617165,7.89,15.77,765,2472,45.0,42.0,Not charging,100,0.00,1,12864,5375,balanced
1784617166,5.37,12.69,890,1626,45.0,42.0,Not charging,100,0.00,1,12864,5375,balanced
1784617167,5.07,11.93,901,2075,45.0,42.0,Not charging,100,0.00,1,12864,5375,balanced
1784617169,4.99,11.77,963,2807,44.0,42.0,Not charging,100,0.00,1,12864,5375,balanced
1784617170,5.35,12.30,1064,2924,45.0,42.0,Not charging,100,0.00,1,12864,5375,balanced
1784617171,5.55,13.08,1750,4378,46.0,42.0,Not charging,100,0.00,1,12864,5375,balanced
1784617172,5.69,13.12,761,3264,45.0,42.0,Not charging,100,0.00,1,12864,5375,balanced
1784617173,5.28,12.15,627,2190,43.0,42.0,Not charging,100,0.00,1,12864,5375,balanced
1784617174,5.44,12.83,995,1761,43.0,42.0,Not charging,100,0.00,1,12864,5375,balanced
1784617175,5.55,12.61,1070,4230,43.0,42.0,Not charging,100,0.00,1,12864,5375,balanced
1784617176,7.15,14.74,1021,1791,42.0,42.0,Not charging,100,0.00,1,12864,5375,balanced
1784617177,5.08,11.89,931,1781,42.0,42.0,Not charging,100,0.00,1,12864,5375,balanced
1784617178,5.28,12.16,1502,4092,45.0,42.0,Not charging,100,0.00,1,12864,5375,balanced
1784617179,5.24,12.06,1104,1796,42.0,42.0,Not charging,100,0.00,1,12864,5375,balanced
1784617180,4.94,11.95,1002,3400,45.0,42.0,Not charging,100,0.00,1,12864,5375,balanced
1784617181,5.16,11.99,731,1812,43.0,42.0,Not charging,100,0.00,1,12864,5375,balanced
1784617182,6.45,13.78,1541,3702,47.0,42.0,Not charging,100,0.00,1,12864,5375,balanced
1784617183,7.23,15.62,1056,2837,44.0,42.0,Not charging,100,0.00,1,12864,5375,balanced
1784617184,7.89,17.38,1874,3714,51.0,42.0,Not charging,100,0.00,1,12864,5375,balanced
1784617185,8.42,20.66,2196,4265,47.0,42.0,Not charging,100,0.00,1,12864,5375,balanced
1784617187,5.88,13.79,1108,1816,43.0,42.0,Not charging,100,0.00,1,12864,5375,balanced
1784617188,15.53,27.77,2977,3801,72.0,42.0,Not charging,100,0.00,1,12864,5375,balanced
1784617189,16.57,28.49,1627,3404,46.0,42.0,Discharging,100,0.13,1,12864,5375,balanced
1784617190,6.75,14.99,753,3037,47.0,42.0,Not charging,100,0.00,1,12864,5375,balanced
1784617191,5.71,13.39,867,1602,42.0,42.0,Not charging,100,0.00,1,12864,5375,balanced
1784617192,5.27,12.35,1336,2180,42.0,42.0,Not charging,100,0.00,1,12864,5375,balanced
1784617193,6.55,14.14,1179,2758,43.0,42.0,Not charging,100,0.00,1,12864,5375,balanced
1784617194,7.72,15.73,1580,2885,44.0,42.0,Not charging,100,0.00,1,12864,5375,balanced
1784617195,13.07,22.37,1510,2442,49.0,42.0,Not charging,100,0.00,1,12864,5375,balanced
1784617196,10.76,19.94,654,1600,42.0,42.0,Discharging,100,0.05,1,12864,5375,balanced
1784617197,5.55,13.58,1329,3394,44.0,42.0,Not charging,100,0.00,1,12864,5375,balanced
1784617198,13.75,35.36,1781,3398,50.0,42.0,Not charging,100,0.00,1,12864,5375,balanced
1784617199,18.59,41.19,2187,3652,66.0,42.0,Not charging,100,0.00,1,12864,5375,balanced
1784617200,9.29,27.69,810,2290,41.0,42.0,Not charging,100,0.00,1,12864,5375,balanced
1784617201,7.37,25.28,1202,3308,45.0,42.0,Not charging,100,0.00,1,12864,5375,balanced
1784617202,15.76,37.25,1589,3369,55.0,42.0,Discharging,100,0.15,1,12864,5375,balanced
1784617203,7.76,26.99,1497,3257,50.0,42.0,Not charging,100,0.00,1,12864,5375,balanced
1784617204,9.75,29.11,3093,3800,53.0,42.0,Not charging,100,0.00,1,12864,5375,balanced
1784617205,9.37,29.52,2091,4277,50.0,42.0,Not charging,100,0.00,1,12864,5375,balanced
1784617206,26.37,52.75,2092,2844,61.0,42.0,Not charging,100,0.04,1,12867,5375,balanced
1784617208,16.28,39.02,2179,4000,64.0,42.0,Discharging,100,0.04,1,12868,5376,balanced
1784617209,27.86,56.78,2262,3800,69.0,42.0,Discharging,100,0.02,1,12868,5376,balanced
1784617210,27.06,55.80,1683,4000,95.0,42.0,Not charging,100,0.00,1,12878,5382,balanced
1784617211,29.24,54.77,2897,3965,70.0,42.0,Not charging,100,0.00,1,12879,5383,balanced
1784617212,31.48,56.62,2626,3968,65.0,42.0,Discharging,100,0.24,1,12882,5383,balanced
1784617213,13.91,32.42,1012,2289,46.0,42.0,Not charging,100,0.00,1,12884,5385,balanced
1784617214,6.67,21.02,1114,2208,47.0,42.0,Not charging,100,0.00,1,12884,5385,balanced
1784617215,8.03,22.40,1406,3242,46.0,42.0,Not charging,100,0.00,1,12884,5385,balanced
1784617216,6.10,20.40,1298,2231,47.0,43.0,Discharging,100,0.05,1,12884,5385,balanced
1784617217,6.61,20.88,1313,4227,47.0,43.0,Not charging,100,0.00,1,12884,5385,balanced
1784617218,6.21,20.36,1080,1474,43.0,43.0,Not charging,100,0.00,1,12884,5385,balanced
1784617219,7.18,21.60,962,1505,45.0,43.0,Not charging,100,0.00,1,12884,5385,balanced
1784617220,25.56,46.26,1984,4605,57.0,43.0,Not charging,100,0.00,1,12888,5389,balanced
1784617221,8.65,22.58,1210,2353,45.0,43.0,Not charging,100,0.00,1,12888,5389,balanced
1784617222,5.00,14.57,1008,2715,46.0,43.0,Not charging,100,0.00,1,12888,5389,balanced
1784617223,5.16,14.05,946,2290,43.0,43.0,Not charging,100,0.00,1,12888,5389,balanced
1784617224,7.74,16.19,1689,3446,50.0,43.0,Not charging,100,0.00,1,12888,5389,balanced
1784617225,8.82,17.56,1915,4460,45.0,43.0,Not charging,100,0.00,1,12888,5389,balanced
1784617226,6.52,14.45,1619,4090,49.0,43.0,Not charging,100,0.00,1,12888,5389,balanced
1784617228,6.44,13.80,1121,2905,46.0,43.0,Not charging,100,0.00,1,12888,5389,balanced
1784617229,8.27,16.50,1622,3938,45.0,44.0,Not charging,100,0.00,1,12888,5389,balanced
1784617230,7.98,16.16,1495,3369,48.0,44.0,Not charging,100,0.00,1,12888,5389,balanced
1784617231,7.22,15.02,1027,2470,49.0,44.0,Not charging,100,0.00,1,12888,5389,balanced
1784617232,7.08,14.83,1458,3941,45.0,44.0,Not charging,100,0.00,1,12888,5389,balanced
1784617233,10.31,20.73,1647,3395,45.0,44.0,Not charging,100,0.00,1,12888,5389,balanced
1784617234,6.94,14.79,1609,3800,46.0,44.0,Not charging,100,0.00,1,12888,5389,balanced
1784617235,6.48,14.07,1189,3389,46.0,44.0,Not charging,100,0.00,1,12888,5389,balanced
1784617236,6.30,15.91,1047,3702,43.0,44.0,Not charging,100,0.00,1,12888,5389,balanced
1784617237,8.82,20.64,1099,2767,45.0,44.0,Discharging,100,0.04,1,12888,5389,balanced
1784617238,6.89,17.86,788,1517,43.0,44.0,Not charging,100,0.00,1,12888,5389,balanced
1784617239,7.32,18.35,2282,3807,58.0,44.0,Not charging,100,0.00,1,12888,5389,balanced
1784617240,26.21,45.04,996,1839,47.0,44.0,Not charging,100,0.00,1,12892,5389,balanced
1784617241,17.03,31.52,2316,3800,70.0,44.0,Discharging,100,0.22,1,12896,5392,balanced
1784617242,5.73,16.25,673,1505,42.0,44.0,Discharging,100,0.11,1,12896,5392,balanced
1784617243,5.56,16.47,1113,3400,44.0,44.0,Not charging,100,0.00,1,12896,5392,balanced
1784617244,9.94,22.86,1248,3397,48.0,44.0,Not charging,100,0.00,1,12896,5392,balanced
1784617245,20.18,36.19,1778,3400,54.0,44.0,Not charging,100,0.00,1,12897,5392,balanced
1784617246,20.77,37.38,2391,3829,70.0,44.0,Not charging,100,0.00,1,12898,5392,balanced
1784617247,26.30,45.02,1924,2774,50.0,44.0,Not charging,100,0.00,1,12899,5393,balanced
1784617249,9.33,22.02,1824,3400,45.0,44.0,Discharging,100,0.14,1,12899,5393,balanced
1784617250,11.20,24.98,1675,3381,47.0,44.0,Not charging,100,0.00,1,12899,5393,balanced
1784617251,14.29,28.49,1268,2317,46.0,44.0,Not charging,100,0.00,1,12903,5393,balanced
1784617252,7.41,19.67,1491,4224,55.0,44.0,Not charging,100,0.00,1,12903,5393,balanced
1784617253,9.24,21.08,1217,2375,46.0,44.0,Not charging,100,0.00,1,12903,5393,balanced
1784617254,8.91,21.02,1527,4505,51.0,44.0,Not charging,100,0.00,1,12903,5393,balanced
1784617255,22.86,39.90,2662,4120,74.0,44.0,Not charging,100,0.00,1,12904,5393,balanced
1784617256,13.52,27.78,1704,3165,48.0,44.0,Not charging,100,0.00,1,12904,5393,balanced
1784617257,8.44,20.12,1948,3391,52.0,44.0,Not charging,100,0.00,1,12904,5393,balanced
1784617258,8.68,20.72,1188,1742,45.0,44.0,Not charging,100,0.00,1,12904,5393,balanced
1784617259,7.36,18.85,1136,2263,45.0,44.0,Not charging,100,0.00,1,12904,5393,balanced
1784617260,7.84,19.96,661,1832,43.0,44.0,Not charging,100,0.00,1,12904,5393,balanced
1784617261,8.63,20.19,1176,2369,44.0,44.0,Not charging,100,0.00,1,12904,5393,balanced
1784617262,8.66,20.91,1085,4074,45.0,44.0,Not charging,100,0.00,1,12904,5393,balanced
1784617263,9.68,21.65,1222,3906,50.0,44.0,Not charging,100,0.00,1,12904,5393,balanced
1784617264,7.50,18.69,1248,2538,45.0,44.0,Discharging,100,0.08,1,12904,5393,balanced
1784617265,7.17,18.66,970,2546,44.0,44.0,Not charging,100,0.00,1,12904,5393,balanced
1784617267,7.89,20.41,1425,2783,49.0,44.0,Not charging,100,0.00,1,12904,5393,balanced
1784617268,10.03,23.21,3171,3800,66.0,44.0,Not charging,100,0.00,1,12904,5393,balanced
1784617269,10.71,23.07,2097,3421,47.0,44.0,Discharging,100,0.14,1,12904,5393,balanced
1784617270,10.20,22.63,1940,3864,57.0,44.0,Not charging,100,0.00,1,12904,5393,balanced
1784617271,10.79,23.51,1314,3400,50.0,44.0,Discharging,100,0.13,1,12904,5393,balanced
1784617272,8.13,20.15,2053,3965,43.0,44.0,Not charging,100,0.00,1,12904,5393,balanced
1784617273,7.85,19.51,1208,4611,51.0,44.0,Not charging,100,0.00,1,12904,5393,balanced
